store_id,city,region_type,is_metro,capacity,avg_daily_volume,avg_utilization_rate,pct_closure_hours,store_type,treatment_group
0,彰化縣,regional,0,379,114,0.3008,0.0,vacant,7D
1,台中市,metro,1,336,64,0.1905,0.0,vacant,7D
2,其他,rural,0,371,71,0.1914,0.0,vacant,7D
3,新竹縣市,regional,0,408,36,0.1,0.0,vacant,7D
4,台北市,metro,1,276,547,1.5,0.2584,burst,5D_G4
5,其他,rural,0,426,462,1.0845,0.1244,burst,6D
6,彰化縣,regional,0,394,484,1.2284,0.196,burst,5D_Control
7,屏東縣,regional,0,409,57,0.1394,0.0,vacant,7D
8,新北市,metro,1,290,72,0.2483,0.0,vacant,7D
9,台中市,metro,1,270,468,1.5,0.2407,burst,6D
10,桃園市,metro,1,319,83,0.2602,0.0,vacant,7D
11,其他,rural,0,429,458,1.0676,0.1482,burst,6D
12,高雄市,metro,1,296,114,0.3851,0.0,vacant,7D
13,其他,rural,0,402,156,0.3881,0.0,vacant,7D
14,台中市,metro,1,331,99,0.2991,0.0,vacant,7D
15,新北市,metro,1,290,552,1.5,0.3297,burst,6D
16,台南市,metro,1,287,79,0.2753,0.0,vacant,7D
17,台北市,metro,1,304,377,1.2401,0.2091,burst,5D_G2
18,其他,rural,0,487,91,0.1869,0.0,vacant,7D
19,高雄市,metro,1,246,60,0.2439,0.0,vacant,7D
20,彰化縣,regional,0,450,100,0.2222,0.0,vacant,7D
21,桃園市,metro,1,224,503,1.5,0.3084,burst,5D_Control
22,其他,rural,0,428,51,0.1192,0.0,vacant,7D
23,其他,rural,0,483,143,0.2961,0.0,vacant,7D
24,屏東縣,regional,0,439,86,0.1959,0.0,vacant,7D
25,新北市,metro,1,306,408,1.3333,0.2393,burst,5D_G4
26,台中市,metro,1,277,435,1.5,0.2622,burst,5D_G2
27,台北市,metro,1,301,81,0.2691,0.0,vacant,7D
28,新北市,metro,1,289,127,0.4394,0.0,vacant,7D
29,新竹縣市,regional,0,388,81,0.2088,0.0,vacant,7D
30,彰化縣,regional,0,408,86,0.2108,0.0,vacant,7D
31,其他,rural,0,427,108,0.2529,0.0,vacant,7D
32,桃園市,metro,1,269,464,1.5,0.264,burst,6D
33,桃園市,metro,1,267,119,0.4457,0.0,vacant,7D
34,台中市,metro,1,245,339,1.3837,0.2522,burst,5D_G2
35,新北市,metro,1,315,360,1.1429,0.1386,burst,5D_G4
36,新北市,metro,1,321,118,0.3676,0.0,vacant,7D
37,台中市,metro,1,309,300,0.9709,0.0806,burst,6D
38,新北市,metro,1,338,96,0.284,0.0,vacant,7D
39,高雄市,metro,1,303,340,1.1221,0.1537,burst,5D_G4
40,台中市,metro,1,315,500,1.5,0.206,burst,6D
41,其他,rural,0,432,101,0.2338,0.0,vacant,7D
42,新竹縣市,regional,0,416,512,1.2308,0.2243,burst,6D
43,桃園市,metro,1,278,131,0.4712,0.0,vacant,7D
44,其他,rural,0,508,64,0.126,0.0,vacant,7D
45,屏東縣,regional,0,401,141,0.3516,0.0,vacant,7D
46,台中市,metro,1,273,341,1.2491,0.2186,burst,6D
47,桃園市,metro,1,317,107,0.3375,0.0,vacant,7D
48,新竹縣市,regional,0,430,90,0.2093,0.0,vacant,7D
49,新北市,metro,1,243,58,0.2387,0.0,vacant,7D
50,新北市,metro,1,344,96,0.2791,0.0,vacant,7D
51,台北市,metro,1,296,496,1.5,0.3438,burst,6D
52,屏東縣,regional,0,375,116,0.3093,0.0,vacant,7D
53,高雄市,metro,1,347,95,0.2738,0.0,vacant,7D
54,新竹縣市,regional,0,445,45,0.1011,0.0,vacant,7D
55,屏東縣,regional,0,369,365,0.9892,0.1085,burst,6D
56,台中市,metro,1,371,545,1.469,0.2803,burst,5D_G4
57,高雄市,metro,1,326,72,0.2209,0.0,vacant,7D
58,新北市,metro,1,299,135,0.4515,0.0,vacant,7D
59,台北市,metro,1,363,76,0.2094,0.0,vacant,7D
60,高雄市,metro,1,306,402,1.3137,0.2298,burst,5D_Control
61,台中市,metro,1,298,444,1.4899,0.2593,burst,6D
62,高雄市,metro,1,273,79,0.2894,0.0,vacant,7D
63,彰化縣,regional,0,443,541,1.2212,0.2175,burst,6D
64,高雄市,metro,1,319,476,1.4922,0.3054,burst,6D
65,台南市,metro,1,300,111,0.37,0.0,vacant,7D
66,台南市,metro,1,268,438,1.5,0.265,burst,5D_Control
67,桃園市,metro,1,305,116,0.3803,0.0,vacant,7D
68,台北市,metro,1,297,139,0.468,0.0,vacant,7D
69,台中市,metro,1,246,450,1.5,0.2473,burst,6D
70,新北市,metro,1,241,426,1.5,0.2661,burst,6D
71,台中市,metro,1,322,84,0.2609,0.0,vacant,7D
72,其他,rural,0,315,416,1.3206,0.2156,burst,5D_G2
73,新北市,metro,1,308,112,0.3636,0.0,vacant,7D
74,台北市,metro,1,280,404,1.4429,0.2144,burst,5D_G2
75,新北市,metro,1,352,105,0.2983,0.0,vacant,7D
76,桃園市,metro,1,280,437,1.5,0.2409,burst,5D_G2
77,高雄市,metro,1,326,492,1.5,0.27,burst,6D
78,台南市,metro,1,284,301,1.0599,0.1666,burst,6D
79,屏東縣,regional,0,424,484,1.1415,0.1899,burst,6D
80,高雄市,metro,1,329,98,0.2979,0.0,vacant,7D
81,台中市,metro,1,281,98,0.3488,0.0,vacant,7D
82,其他,rural,0,459,97,0.2113,0.0,vacant,7D
83,新北市,metro,1,260,420,1.5,0.3112,burst,6D
84,台北市,metro,1,311,322,1.0354,0.1434,burst,5D_G2
85,台北市,metro,1,336,505,1.5,0.2149,burst,5D_Control
86,新竹縣市,regional,0,446,166,0.3722,0.0,vacant,7D
87,台中市,metro,1,376,431,1.1463,0.1848,burst,6D
88,新北市,metro,1,269,85,0.316,0.0,vacant,7D
89,台南市,metro,1,244,87,0.3566,0.0,vacant,7D
90,新北市,metro,1,260,151,0.5808,0.0,vacant,7D
91,新竹縣市,regional,0,446,66,0.148,0.0,vacant,7D
92,台中市,metro,1,319,462,1.4483,0.2882,burst,5D_Control
93,桃園市,metro,1,304,367,1.2072,0.1767,burst,6D
94,桃園市,metro,1,255,463,1.5,0.2753,burst,6D
95,高雄市,metro,1,330,446,1.3515,0.2524,burst,6D
96,桃園市,metro,1,251,501,1.5,0.2258,burst,6D
97,台北市,metro,1,346,486,1.4046,0.2328,burst,6D
98,新北市,metro,1,414,104,0.2512,0.0,vacant,7D
99,其他,rural,0,434,53,0.1221,0.0,vacant,7D
100,其他,rural,0,443,102,0.2302,0.0,vacant,7D
101,新竹縣市,regional,0,400,80,0.2,0.0,vacant,7D
102,新北市,metro,1,227,438,1.5,0.2193,burst,5D_G4
103,其他,rural,0,395,57,0.1443,0.0,vacant,7D
104,屏東縣,regional,0,376,110,0.2926,0.0,vacant,7D
105,新竹縣市,regional,0,362,57,0.1575,0.0,vacant,7D
106,台中市,metro,1,368,495,1.3451,0.2355,burst,5D_G2
107,新北市,metro,1,310,69,0.2226,0.0,vacant,7D
108,台北市,metro,1,315,397,1.2603,0.1737,burst,6D
109,其他,rural,0,407,128,0.3145,0.0,vacant,7D
110,台中市,metro,1,293,511,1.5,0.2757,burst,6D
111,新北市,metro,1,338,359,1.0621,0.1658,burst,5D_G4
112,桃園市,metro,1,298,513,1.5,0.235,burst,6D
113,高雄市,metro,1,321,80,0.2492,0.0,vacant,7D
114,新北市,metro,1,292,444,1.5,0.2627,burst,6D
115,其他,rural,0,406,63,0.1552,0.0,vacant,7D
116,彰化縣,regional,0,363,118,0.3251,0.0,vacant,7D
117,新竹縣市,regional,0,340,87,0.2559,0.0,vacant,7D
118,台中市,metro,1,289,369,1.2768,0.2405,burst,5D_Control
119,高雄市,metro,1,302,479,1.5,0.2538,burst,6D
120,高雄市,metro,1,248,455,1.5,0.2612,burst,6D
121,高雄市,metro,1,298,122,0.4094,0.0,vacant,7D
122,台北市,metro,1,302,105,0.3477,0.0,vacant,7D
123,台中市,metro,1,213,103,0.4836,0.0,vacant,7D
124,台北市,metro,1,263,470,1.5,0.2796,burst,6D
125,台中市,metro,1,316,107,0.3386,0.0,vacant,7D
126,桃園市,metro,1,315,113,0.3587,0.0,vacant,7D
127,新北市,metro,1,253,105,0.415,0.0071,vacant,7D
128,台北市,metro,1,306,121,0.3954,0.0,vacant,7D
129,高雄市,metro,1,340,59,0.1735,0.0,vacant,7D
130,新北市,metro,1,331,96,0.29,0.0,vacant,7D
131,其他,rural,0,416,65,0.1562,0.0,vacant,7D
132,高雄市,metro,1,281,401,1.427,0.2189,burst,5D_Control
133,桃園市,metro,1,274,141,0.5146,0.0,vacant,7D
134,高雄市,metro,1,318,577,1.5,0.3076,burst,5D_G4
135,台北市,metro,1,307,103,0.3355,0.0,vacant,7D
136,其他,rural,0,445,369,0.8292,0.0839,burst,6D
137,台中市,metro,1,305,369,1.2098,0.2472,burst,6D
138,屏東縣,regional,0,452,86,0.1903,0.0,vacant,7D
139,台北市,metro,1,303,446,1.4719,0.2126,burst,6D
140,台中市,metro,1,331,502,1.5,0.3016,burst,5D_G4
141,台中市,metro,1,334,417,1.2485,0.1394,burst,5D_Control
142,其他,rural,0,387,127,0.3282,0.0,vacant,7D
143,高雄市,metro,1,227,125,0.5507,0.0008,vacant,7D
144,台中市,metro,1,361,109,0.3019,0.0,vacant,7D
145,新北市,metro,1,310,425,1.371,0.2256,burst,6D
146,桃園市,metro,1,231,378,1.5,0.2346,burst,6D
147,台南市,metro,1,271,569,1.5,0.2697,burst,6D
148,台中市,metro,1,330,92,0.2788,0.0,vacant,7D
149,台北市,metro,1,288,488,1.5,0.2706,burst,6D
150,其他,rural,0,399,84,0.2105,0.0,vacant,7D
151,其他,rural,0,476,131,0.2752,0.0,vacant,7D
152,新北市,metro,1,258,138,0.5349,0.0,vacant,7D
153,台南市,metro,1,268,516,1.5,0.2818,burst,5D_Control
154,台北市,metro,1,308,89,0.289,0.0,vacant,7D
155,高雄市,metro,1,315,76,0.2413,0.0,vacant,7D
156,新北市,metro,1,319,131,0.4107,0.0,vacant,7D
157,高雄市,metro,1,336,479,1.4256,0.2603,burst,6D
158,基隆市,regional,0,427,108,0.2529,0.0,vacant,7D
159,彰化縣,regional,0,439,84,0.1913,0.0,vacant,7D
160,台北市,metro,1,289,488,1.5,0.2473,burst,6D
161,其他,rural,0,422,72,0.1706,0.0,vacant,7D
162,新北市,metro,1,304,380,1.25,0.1996,burst,6D
163,台北市,metro,1,308,392,1.2727,0.2725,burst,6D
164,台南市,metro,1,330,384,1.1636,0.1916,burst,5D_G2
165,桃園市,metro,1,322,117,0.3634,0.0,vacant,7D
166,其他,rural,0,421,65,0.1544,0.0,vacant,7D
167,其他,rural,0,387,104,0.2687,0.0,vacant,7D
168,桃園市,metro,1,302,454,1.5,0.2363,burst,6D
169,其他,rural,0,418,300,0.7177,0.0,vacant,7D
170,桃園市,metro,1,307,98,0.3192,0.0,vacant,7D
171,台南市,metro,1,388,396,1.0206,0.172,burst,6D
172,新北市,metro,1,279,573,1.5,0.2818,burst,6D
173,其他,rural,0,436,162,0.3716,0.0,vacant,7D
174,新北市,metro,1,342,401,1.1725,0.1252,burst,6D
175,台北市,metro,1,303,317,1.0462,0.1273,burst,6D
176,台中市,metro,1,393,130,0.3308,0.0,vacant,7D
177,其他,rural,0,404,70,0.1733,0.0,vacant,7D
178,其他,rural,0,432,95,0.2199,0.0,vacant,7D
179,彰化縣,regional,0,388,98,0.2526,0.0,vacant,7D
180,其他,rural,0,405,125,0.3086,0.0,vacant,7D
181,其他,rural,0,429,492,1.1469,0.162,burst,5D_G2
182,台南市,metro,1,333,558,1.5,0.2173,burst,6D
183,桃園市,metro,1,312,89,0.2853,0.0,vacant,7D
184,彰化縣,regional,0,470,463,0.9851,0.0772,burst,6D
185,高雄市,metro,1,296,372,1.2568,0.1931,burst,6D
186,桃園市,metro,1,286,429,1.5,0.2762,burst,6D
187,台北市,metro,1,408,418,1.0245,0.1123,burst,5D_Control
188,彰化縣,regional,0,435,477,1.0966,0.1723,burst,5D_Control
189,新北市,metro,1,271,511,1.5,0.2724,burst,6D
190,其他,rural,0,392,94,0.2398,0.0,vacant,7D
191,新北市,metro,1,262,86,0.3282,0.0,vacant,7D
192,新北市,metro,1,337,99,0.2938,0.0,vacant,7D
193,其他,rural,0,405,144,0.3556,0.0,vacant,7D
194,新北市,metro,1,305,430,1.4098,0.2159,burst,6D
195,新北市,metro,1,297,96,0.3232,0.0,vacant,7D
196,高雄市,metro,1,329,416,1.2644,0.193,burst,5D_Control
197,其他,rural,0,386,554,1.4352,0.199,burst,6D
198,新北市,metro,1,256,468,1.5,0.2788,burst,5D_G2
199,桃園市,metro,1,308,460,1.4935,0.2109,burst,6D
200,屏東縣,regional,0,444,434,0.9775,0.1181,burst,6D
201,其他,rural,0,433,125,0.2887,0.0,vacant,7D
202,台南市,metro,1,267,528,1.5,0.2586,burst,5D_G2
203,新北市,metro,1,327,406,1.2416,0.2106,burst,5D_G4
204,台北市,metro,1,270,433,1.5,0.3391,burst,6D
205,新北市,metro,1,279,118,0.4229,0.0,vacant,7D
206,新北市,metro,1,262,458,1.5,0.2655,burst,6D
207,新竹縣市,regional,0,472,79,0.1674,0.0,vacant,7D
208,新北市,metro,1,325,476,1.4646,0.2333,burst,6D
209,台南市,metro,1,324,88,0.2716,0.0,vacant,7D
210,新竹縣市,regional,0,469,113,0.2409,0.0,vacant,7D
211,高雄市,metro,1,412,72,0.1748,0.0,vacant,7D
212,新北市,metro,1,231,66,0.2857,0.0,vacant,7D
213,屏東縣,regional,0,390,118,0.3026,0.0,vacant,7D
214,新竹縣市,regional,0,395,569,1.4405,0.2219,burst,5D_G2
215,彰化縣,regional,0,385,123,0.3195,0.0,vacant,7D
216,新北市,metro,1,256,506,1.5,0.2459,burst,6D
217,新北市,metro,1,288,434,1.5,0.294,burst,5D_Control
218,其他,rural,0,371,432,1.1644,0.1202,burst,6D
219,台中市,metro,1,313,61,0.1949,0.0,vacant,7D
220,桃園市,metro,1,302,131,0.4338,0.0,vacant,7D
221,台中市,metro,1,319,133,0.4169,0.0,vacant,7D
222,高雄市,metro,1,320,527,1.5,0.307,burst,5D_Control
223,其他,rural,0,444,437,0.9842,0.1567,burst,5D_G2
224,新北市,metro,1,285,79,0.2772,0.0,vacant,7D
225,其他,rural,0,504,94,0.1865,0.0,vacant,7D
226,台北市,metro,1,309,503,1.5,0.2938,burst,6D
227,台南市,metro,1,225,361,1.5,0.2357,burst,6D
228,高雄市,metro,1,259,116,0.4479,0.0,vacant,7D
229,台北市,metro,1,230,448,1.5,0.2831,burst,6D
230,新北市,metro,1,300,73,0.2433,0.0,vacant,7D
231,台中市,metro,1,295,324,1.0983,0.1475,burst,6D
232,其他,rural,0,401,111,0.2768,0.0,vacant,7D
233,高雄市,metro,1,380,137,0.3605,0.0,vacant,7D
234,其他,rural,0,441,114,0.2585,0.0,vacant,7D
235,屏東縣,regional,0,449,471,1.049,0.1597,burst,6D
236,台中市,metro,1,262,567,1.5,0.2759,burst,5D_G2
237,屏東縣,regional,0,380,447,1.1763,0.1596,burst,6D
238,台北市,metro,1,301,507,1.5,0.2732,burst,6D
239,台北市,metro,1,306,96,0.3137,0.0,vacant,7D
240,其他,rural,0,345,99,0.287,0.0,vacant,7D
241,屏東縣,regional,0,412,93,0.2257,0.0,vacant,7D
242,新北市,metro,1,300,326,1.0867,0.1515,burst,6D
243,台南市,metro,1,291,527,1.5,0.2835,burst,6D
244,高雄市,metro,1,267,109,0.4082,0.0,vacant,7D
245,其他,rural,0,398,401,1.0075,0.1529,burst,6D
246,高雄市,metro,1,292,379,1.2979,0.2322,burst,6D
247,台中市,metro,1,303,437,1.4422,0.2757,burst,6D
248,桃園市,metro,1,324,108,0.3333,0.0,vacant,7D
249,台中市,metro,1,343,575,1.5,0.301,burst,5D_G2
250,高雄市,metro,1,288,95,0.3299,0.0,vacant,7D
251,其他,rural,0,401,56,0.1397,0.0,vacant,7D
252,台中市,metro,1,317,100,0.3155,0.0,vacant,7D
253,新北市,metro,1,324,95,0.2932,0.0,vacant,7D
254,新北市,metro,1,282,467,1.5,0.2429,burst,5D_Control
255,彰化縣,regional,0,451,139,0.3082,0.0,vacant,7D
256,其他,rural,0,459,71,0.1547,0.0,vacant,7D
257,台北市,metro,1,351,117,0.3333,0.0,vacant,7D
258,台北市,metro,1,371,546,1.4717,0.2863,burst,6D
259,高雄市,metro,1,265,126,0.4755,0.0,vacant,7D
260,新北市,metro,1,300,99,0.33,0.0,vacant,7D
261,其他,rural,0,420,71,0.169,0.0,vacant,7D
262,桃園市,metro,1,296,65,0.2196,0.0,vacant,7D
263,新北市,metro,1,274,574,1.5,0.2597,burst,6D
264,其他,rural,0,360,529,1.4694,0.2588,burst,5D_G2
265,新北市,metro,1,303,339,1.1188,0.1539,burst,5D_Control
266,新北市,metro,1,269,91,0.3383,0.0,vacant,7D
267,新北市,metro,1,303,97,0.3201,0.0,vacant,7D
268,台北市,metro,1,268,112,0.4179,0.0,vacant,7D
269,台北市,metro,1,256,69,0.2695,0.0,vacant,7D
270,台北市,metro,1,309,403,1.3042,0.2051,burst,6D
271,新北市,metro,1,306,96,0.3137,0.0,vacant,7D
272,台北市,metro,1,323,95,0.2941,0.0,vacant,7D
273,高雄市,metro,1,387,145,0.3747,0.0,vacant,7D
274,新竹縣市,regional,0,431,105,0.2436,0.0,vacant,7D
275,台中市,metro,1,319,500,1.5,0.2669,burst,6D
276,桃園市,metro,1,256,110,0.4297,0.0,vacant,7D
277,台南市,metro,1,248,427,1.5,0.28,burst,6D
278,其他,rural,0,483,96,0.1988,0.0,vacant,7D
279,其他,rural,0,383,362,0.9452,0.0889,burst,6D
280,台北市,metro,1,258,143,0.5543,0.0129,vacant,7D
281,新北市,metro,1,298,453,1.5,0.234,burst,6D
282,新北市,metro,1,296,116,0.3919,0.0,vacant,7D
283,新北市,metro,1,263,436,1.5,0.2697,burst,5D_G4
284,高雄市,metro,1,287,439,1.5,0.2584,burst,5D_Control
285,台中市,metro,1,349,142,0.4069,0.0229,vacant,7D
286,台北市,metro,1,267,370,1.3858,0.2233,burst,5D_Control
287,桃園市,metro,1,244,436,1.5,0.2835,burst,6D
288,台南市,metro,1,337,422,1.2522,0.1727,burst,6D
289,台北市,metro,1,319,441,1.3824,0.2506,burst,5D_Control
290,其他,rural,0,395,500,1.2658,0.2259,burst,6D
291,台北市,metro,1,236,483,1.5,0.2524,burst,6D
292,其他,rural,0,390,74,0.1897,0.0,vacant,7D
293,台北市,metro,1,297,101,0.3401,0.0,vacant,7D
294,其他,rural,0,466,109,0.2339,0.0,vacant,7D
295,其他,rural,0,378,57,0.1508,0.0,vacant,7D
296,其他,rural,0,416,458,1.101,0.1337,burst,6D
297,屏東縣,regional,0,447,438,0.9799,0.0416,vacant,7D
298,屏東縣,regional,0,324,446,1.3765,0.2859,burst,5D_Control
299,高雄市,metro,1,341,352,1.0323,0.1056,burst,5D_G2
300,屏東縣,regional,0,372,534,1.4355,0.2433,burst,6D
301,新北市,metro,1,313,403,1.2875,0.2555,burst,6D
302,台南市,metro,1,309,511,1.5,0.2657,burst,6D
303,台南市,metro,1,343,131,0.3819,0.0,vacant,7D
304,其他,rural,0,442,100,0.2262,0.0,vacant,7D
305,台中市,metro,1,204,96,0.4706,0.0,vacant,7D
306,桃園市,metro,1,268,114,0.4254,0.0,vacant,7D
307,高雄市,metro,1,305,74,0.2426,0.0,vacant,7D
308,新北市,metro,1,292,495,1.5,0.2792,burst,6D
309,新北市,metro,1,319,432,1.3542,0.2118,burst,6D
310,台中市,metro,1,331,72,0.2175,0.0,vacant,7D
311,台中市,metro,1,324,410,1.2654,0.1445,burst,5D_Control
312,新北市,metro,1,291,504,1.5,0.2838,burst,5D_G2
313,桃園市,metro,1,226,113,0.5,0.0,vacant,7D
314,桃園市,metro,1,281,68,0.242,0.0,vacant,7D
315,桃園市,metro,1,316,84,0.2658,0.0,vacant,7D
316,桃園市,metro,1,256,451,1.5,0.2417,burst,6D
317,新竹縣市,regional,0,445,144,0.3236,0.0,vacant,7D
318,桃園市,metro,1,336,122,0.3631,0.0,vacant,7D
319,其他,rural,0,425,89,0.2094,0.0,vacant,7D
320,其他,rural,0,297,114,0.3838,0.0,vacant,7D
321,台中市,metro,1,248,503,1.5,0.2322,burst,6D
322,桃園市,metro,1,375,410,1.0933,0.0989,burst,5D_G2
323,台南市,metro,1,278,442,1.5,0.2779,burst,5D_G4
324,其他,rural,0,340,111,0.3265,0.0,vacant,7D
325,高雄市,metro,1,349,97,0.2779,0.0,vacant,7D
326,屏東縣,regional,0,420,106,0.2524,0.0,vacant,7D
327,台南市,metro,1,344,101,0.2936,0.0,vacant,7D
328,高雄市,metro,1,311,440,1.4148,0.2524,burst,6D
329,桃園市,metro,1,318,92,0.2893,0.0,vacant,7D
330,基隆市,regional,0,434,89,0.2051,0.0,vacant,7D
331,新北市,metro,1,327,371,1.1346,0.1966,burst,6D
332,新竹縣市,regional,0,511,110,0.2153,0.0,vacant,7D
333,其他,rural,0,458,104,0.2271,0.0,vacant,7D
334,新北市,metro,1,236,518,1.5,0.2561,burst,5D_G2
335,高雄市,metro,1,317,75,0.2366,0.0,vacant,7D
336,台北市,metro,1,345,109,0.3159,0.0,vacant,7D
337,基隆市,regional,0,468,136,0.2906,0.0,vacant,7D
338,台北市,metro,1,282,543,1.5,0.305,burst,5D_Control
339,其他,rural,0,466,89,0.191,0.0,vacant,7D
340,新北市,metro,1,337,105,0.3116,0.0,vacant,7D
341,其他,rural,0,522,71,0.136,0.0,vacant,7D
342,屏東縣,regional,0,389,558,1.4344,0.2092,burst,5D_Control
343,高雄市,metro,1,279,464,1.5,0.2902,burst,6D
344,屏東縣,regional,0,407,83,0.2039,0.0,vacant,7D
345,屏東縣,regional,0,400,95,0.2375,0.0,vacant,7D
346,其他,rural,0,384,86,0.224,0.0,vacant,7D
347,新北市,metro,1,189,415,1.5,0.3003,burst,5D_G2
348,高雄市,metro,1,282,94,0.3333,0.0,vacant,7D
349,台北市,metro,1,314,505,1.5,0.2814,burst,6D
350,高雄市,metro,1,280,114,0.4071,0.0,vacant,7D
351,新北市,metro,1,377,81,0.2149,0.0,vacant,7D
352,高雄市,metro,1,300,104,0.3467,0.0,vacant,7D
353,高雄市,metro,1,351,390,1.1111,0.1308,burst,5D_G2
354,台中市,metro,1,310,416,1.3419,0.1806,burst,6D
355,台南市,metro,1,333,478,1.4354,0.2676,burst,6D
356,彰化縣,regional,0,431,98,0.2274,0.0,vacant,7D
357,屏東縣,regional,0,474,411,0.8671,0.0373,vacant,7D
358,台中市,metro,1,302,453,1.5,0.2829,burst,5D_G4
359,高雄市,metro,1,319,106,0.3323,0.0,vacant,7D
360,其他,rural,0,434,133,0.3065,0.0,vacant,7D
361,新北市,metro,1,288,517,1.5,0.2833,burst,6D
362,台北市,metro,1,316,445,1.4082,0.2242,burst,6D
363,台北市,metro,1,389,116,0.2982,0.0,vacant,7D
364,高雄市,metro,1,289,472,1.5,0.2551,burst,6D
365,台中市,metro,1,316,328,1.038,0.1184,burst,6D
366,彰化縣,regional,0,470,482,1.0255,0.1117,burst,5D_G4
367,高雄市,metro,1,345,636,1.5,0.3039,burst,6D
368,桃園市,metro,1,300,442,1.4733,0.2536,burst,5D_Control
369,其他,rural,0,324,92,0.284,0.0,vacant,7D
370,彰化縣,regional,0,440,75,0.1705,0.0,vacant,7D
371,新北市,metro,1,211,548,1.5,0.2478,burst,6D
372,桃園市,metro,1,358,508,1.419,0.1581,burst,6D
373,桃園市,metro,1,306,110,0.3595,0.0,vacant,7D
374,新北市,metro,1,339,483,1.4248,0.2372,burst,5D_Control
375,新北市,metro,1,263,94,0.3574,0.0,vacant,7D
376,其他,rural,0,357,90,0.2521,0.0,vacant,7D
377,台中市,metro,1,310,380,1.2258,0.1753,burst,6D
378,桃園市,metro,1,298,466,1.5,0.3089,burst,5D_Control
379,基隆市,regional,0,400,121,0.3025,0.0,vacant,7D
380,台南市,metro,1,303,523,1.5,0.3085,burst,6D
381,其他,rural,0,530,119,0.2245,0.0,vacant,7D
382,屏東縣,regional,0,453,454,1.0022,0.1114,burst,5D_G4
383,台中市,metro,1,341,111,0.3255,0.0,vacant,7D
384,桃園市,metro,1,333,417,1.2523,0.2125,burst,6D
385,其他,rural,0,479,139,0.2902,0.0,vacant,7D
386,新竹縣市,regional,0,412,89,0.216,0.0,vacant,7D
387,其他,rural,0,337,416,1.2344,0.1825,burst,6D
388,新北市,metro,1,292,381,1.3048,0.2167,burst,5D_G4
389,其他,rural,0,452,78,0.1726,0.0,vacant,7D
390,高雄市,metro,1,261,374,1.433,0.2384,burst,6D
391,新北市,metro,1,292,456,1.5,0.236,burst,6D
392,高雄市,metro,1,272,508,1.5,0.2458,burst,5D_G2
393,新竹縣市,regional,0,480,416,0.8667,0.0728,burst,5D_Control
394,台北市,metro,1,329,127,0.386,0.0,vacant,7D
395,台中市,metro,1,326,406,1.2454,0.2314,burst,6D
396,其他,rural,0,444,114,0.2568,0.0,vacant,7D
397,桃園市,metro,1,298,385,1.2919,0.1897,burst,6D
398,台中市,metro,1,307,509,1.5,0.2593,burst,6D
399,台中市,metro,1,252,112,0.4444,0.0,vacant,7D
400,桃園市,metro,1,212,344,1.5,0.2542,burst,6D
401,其他,rural,0,426,429,1.007,0.1092,burst,5D_G4
402,屏東縣,regional,0,432,525,1.2153,0.1422,burst,6D
403,台北市,metro,1,348,100,0.2874,0.0,vacant,7D
404,其他,rural,0,482,67,0.139,0.0,vacant,7D
405,其他,rural,0,482,103,0.2137,0.0,vacant,7D
406,新北市,metro,1,260,454,1.5,0.2622,burst,6D
407,其他,rural,0,405,79,0.1951,0.0,vacant,7D
408,台北市,metro,1,319,84,0.2633,0.0,vacant,7D
409,其他,rural,0,521,111,0.2131,0.0,vacant,7D
410,高雄市,metro,1,359,111,0.3092,0.0,vacant,7D
411,高雄市,metro,1,344,418,1.2151,0.1868,burst,6D
412,台北市,metro,1,284,394,1.3873,0.2563,burst,6D
413,其他,rural,0,384,113,0.2943,0.0,vacant,7D
414,台北市,metro,1,331,117,0.3535,0.0,vacant,7D
415,新北市,metro,1,255,434,1.5,0.2596,burst,6D
416,新北市,metro,1,290,456,1.5,0.2949,burst,6D
417,屏東縣,regional,0,415,116,0.2795,0.0,vacant,7D
418,新北市,metro,1,363,85,0.2342,0.0,vacant,7D
419,其他,rural,0,405,603,1.4889,0.2311,burst,6D
420,高雄市,metro,1,202,442,1.5,0.3091,burst,5D_G2
421,台北市,metro,1,320,105,0.3281,0.0,vacant,7D
422,台北市,metro,1,272,510,1.5,0.2473,burst,6D
423,台北市,metro,1,301,121,0.402,0.0,vacant,7D
424,高雄市,metro,1,296,536,1.5,0.2949,burst,6D
425,屏東縣,regional,0,409,156,0.3814,0.0,vacant,7D
426,新北市,metro,1,331,155,0.4683,0.0,vacant,7D
427,其他,rural,0,358,140,0.3911,0.0,vacant,7D
428,台北市,metro,1,279,352,1.2616,0.2027,burst,6D
429,屏東縣,regional,0,447,339,0.7584,0.0303,vacant,7D
430,其他,rural,0,395,472,1.1949,0.1572,burst,6D
431,彰化縣,regional,0,355,97,0.2732,0.0,vacant,7D
432,新竹縣市,regional,0,446,61,0.1368,0.0,vacant,7D
433,其他,rural,0,464,451,0.972,0.0703,burst,5D_G4
434,台北市,metro,1,298,435,1.4597,0.2833,burst,5D_Control
435,新北市,metro,1,221,99,0.448,0.0,vacant,7D
436,新北市,metro,1,328,487,1.4848,0.3132,burst,6D
437,台南市,metro,1,233,85,0.3648,0.0,vacant,7D
438,彰化縣,regional,0,432,54,0.125,0.0,vacant,7D
439,高雄市,metro,1,264,521,1.5,0.249,burst,5D_G2
440,其他,rural,0,373,59,0.1582,0.0,vacant,7D
441,新北市,metro,1,282,435,1.5,0.2554,burst,6D
442,基隆市,regional,0,412,488,1.1845,0.2285,burst,6D
443,新北市,metro,1,274,64,0.2336,0.0,vacant,7D
444,新北市,metro,1,323,472,1.4613,0.2346,burst,5D_G4
445,新竹縣市,regional,0,402,91,0.2264,0.0,vacant,7D
446,其他,rural,0,459,120,0.2614,0.0,vacant,7D
447,高雄市,metro,1,311,415,1.3344,0.2042,burst,6D
448,台北市,metro,1,272,543,1.5,0.251,burst,5D_Control
449,高雄市,metro,1,265,40,0.1509,0.0,vacant,7D
450,台北市,metro,1,234,45,0.1923,0.0,vacant,7D
451,其他,rural,0,431,144,0.3341,0.0,vacant,7D
452,新竹縣市,regional,0,405,152,0.3753,0.0,vacant,7D
453,新北市,metro,1,205,102,0.4976,0.018,vacant,7D
454,台北市,metro,1,278,514,1.5,0.2132,burst,6D
455,新北市,metro,1,263,560,1.5,0.246,burst,6D
456,其他,rural,0,483,121,0.2505,0.0,vacant,7D
457,台中市,metro,1,231,452,1.5,0.2744,burst,6D
458,屏東縣,regional,0,362,105,0.2901,0.0,vacant,7D
459,高雄市,metro,1,344,99,0.2878,0.0,vacant,7D
460,高雄市,metro,1,354,552,1.5,0.2713,burst,6D
461,新北市,metro,1,270,86,0.3185,0.0,vacant,7D
462,其他,rural,0,394,107,0.2716,0.0,vacant,7D
463,桃園市,metro,1,324,75,0.2315,0.0,vacant,7D
464,高雄市,metro,1,206,487,1.5,0.282,burst,6D
465,新竹縣市,regional,0,345,88,0.2551,0.0,vacant,7D
466,高雄市,metro,1,288,422,1.4653,0.2185,burst,6D
467,其他,rural,0,481,134,0.2786,0.0,vacant,7D
468,新北市,metro,1,282,410,1.4539,0.3218,burst,6D
469,台南市,metro,1,304,122,0.4013,0.0,vacant,7D
470,台中市,metro,1,345,343,0.9942,0.1265,burst,6D
471,台中市,metro,1,384,491,1.2786,0.1743,burst,6D
472,新北市,metro,1,276,469,1.5,0.2973,burst,6D
473,新北市,metro,1,299,148,0.495,0.0,vacant,7D
474,新北市,metro,1,372,51,0.1371,0.0,vacant,7D
475,桃園市,metro,1,239,97,0.4059,0.0,vacant,7D
476,台中市,metro,1,341,136,0.3988,0.0,vacant,7D
477,高雄市,metro,1,259,80,0.3089,0.0,vacant,7D
478,高雄市,metro,1,304,94,0.3092,0.0,vacant,7D
479,台中市,metro,1,290,574,1.5,0.2498,burst,5D_G4
480,台中市,metro,1,261,104,0.3985,0.0,vacant,7D
481,新北市,metro,1,260,139,0.5346,0.0,vacant,7D
482,高雄市,metro,1,311,417,1.3408,0.2271,burst,5D_Control
483,桃園市,metro,1,339,133,0.3923,0.0,vacant,7D
484,台北市,metro,1,294,445,1.5,0.2973,burst,5D_G4
485,台中市,metro,1,302,366,1.2119,0.1777,burst,6D
486,台中市,metro,1,322,473,1.4689,0.2774,burst,6D
487,新北市,metro,1,261,71,0.272,0.0,vacant,7D
488,高雄市,metro,1,329,112,0.3404,0.0,vacant,7D
489,高雄市,metro,1,332,434,1.3072,0.197,burst,5D_G4
490,新竹縣市,regional,0,524,83,0.1584,0.0,vacant,7D
491,高雄市,metro,1,284,373,1.3134,0.2254,burst,6D
492,高雄市,metro,1,281,388,1.3808,0.2363,burst,5D_G2
493,桃園市,metro,1,330,119,0.3606,0.0,vacant,7D
494,屏東縣,regional,0,452,88,0.1947,0.0,vacant,7D
495,台南市,metro,1,278,392,1.4101,0.2111,burst,5D_G4
496,台中市,metro,1,283,451,1.5,0.2619,burst,6D
497,高雄市,metro,1,321,115,0.3583,0.0,vacant,7D
498,桃園市,metro,1,266,439,1.5,0.2578,burst,6D
499,台南市,metro,1,283,118,0.417,0.0,vacant,7D
500,基隆市,regional,0,423,102,0.2411,0.0,vacant,7D
501,其他,rural,0,459,58,0.1264,0.0,vacant,7D
502,其他,rural,0,395,125,0.3165,0.0,vacant,7D
503,台南市,metro,1,226,411,1.5,0.2791,burst,6D
504,台南市,metro,1,223,119,0.5336,0.0,vacant,7D
505,屏東縣,regional,0,369,117,0.3171,0.0,vacant,7D
506,桃園市,metro,1,247,80,0.3239,0.0,vacant,7D
507,其他,rural,0,413,431,1.0436,0.1689,burst,6D
508,台中市,metro,1,252,116,0.4603,0.0,vacant,7D
509,台北市,metro,1,271,389,1.4354,0.2012,burst,5D_Control
510,台北市,metro,1,269,123,0.4572,0.0,vacant,7D
511,其他,rural,0,402,441,1.097,0.1393,burst,5D_G2
512,台北市,metro,1,352,563,1.5,0.1999,burst,5D_G4
513,新北市,metro,1,326,444,1.362,0.2824,burst,6D
514,桃園市,metro,1,300,107,0.3567,0.0,vacant,7D
515,新北市,metro,1,281,488,1.5,0.2509,burst,6D
516,桃園市,metro,1,282,105,0.3723,0.0,vacant,7D
517,彰化縣,regional,0,433,462,1.067,0.1709,burst,6D
518,台北市,metro,1,323,447,1.3839,0.2018,burst,5D_G2
519,其他,rural,0,383,113,0.295,0.0,vacant,7D
520,其他,rural,0,421,101,0.2399,0.0,vacant,7D
521,桃園市,metro,1,218,381,1.5,0.2734,burst,5D_G4
522,新北市,metro,1,308,143,0.4643,0.0,vacant,7D
523,高雄市,metro,1,330,434,1.3152,0.2503,burst,5D_Control
524,新北市,metro,1,288,395,1.3715,0.2628,burst,5D_G2
525,桃園市,metro,1,372,105,0.2823,0.0,vacant,7D
526,其他,rural,0,384,82,0.2135,0.0,vacant,7D
527,其他,rural,0,428,542,1.2664,0.1798,burst,6D
528,彰化縣,regional,0,418,107,0.256,0.0,vacant,7D
529,桃園市,metro,1,295,462,1.5,0.2499,burst,5D_G2
530,新竹縣市,regional,0,415,118,0.2843,0.0,vacant,7D
531,新竹縣市,regional,0,424,72,0.1698,0.0,vacant,7D
532,台中市,metro,1,333,124,0.3724,0.0,vacant,7D
533,高雄市,metro,1,355,97,0.2732,0.0,vacant,7D
534,台北市,metro,1,299,75,0.2508,0.0,vacant,7D
535,新北市,metro,1,332,133,0.4006,0.0,vacant,7D
536,台南市,metro,1,271,136,0.5018,0.0,vacant,7D
537,新北市,metro,1,330,444,1.3455,0.185,burst,6D
538,新北市,metro,1,269,117,0.4349,0.0,vacant,7D
539,其他,rural,0,463,119,0.257,0.0,vacant,7D
540,其他,rural,0,508,547,1.0768,0.1369,burst,5D_G4
541,台南市,metro,1,295,449,1.5,0.2483,burst,5D_Control
542,其他,rural,0,332,66,0.1988,0.0,vacant,7D
543,其他,rural,0,398,150,0.3769,0.0,vacant,7D
544,新北市,metro,1,349,498,1.4269,0.2475,burst,5D_G2
545,台中市,metro,1,322,468,1.4534,0.2315,burst,6D
546,台中市,metro,1,309,74,0.2395,0.0,vacant,7D
547,台北市,metro,1,340,469,1.3794,0.2268,burst,6D
548,彰化縣,regional,0,439,93,0.2118,0.0,vacant,7D
549,台中市,metro,1,348,410,1.1782,0.1581,burst,5D_G2
550,台中市,metro,1,336,457,1.3601,0.2558,burst,6D
551,新北市,metro,1,360,85,0.2361,0.0,vacant,7D
552,新北市,metro,1,314,72,0.2293,0.0,vacant,7D
553,其他,rural,0,456,504,1.1053,0.1917,burst,5D_G4
554,台北市,metro,1,287,86,0.2997,0.0,vacant,7D
555,新北市,metro,1,275,103,0.3745,0.0,vacant,7D
556,桃園市,metro,1,368,433,1.1766,0.2042,burst,6D
557,台中市,metro,1,308,93,0.3019,0.0,vacant,7D
558,高雄市,metro,1,332,454,1.3675,0.3083,burst,6D
559,台中市,metro,1,304,375,1.2336,0.1994,burst,5D_Control
560,台北市,metro,1,276,80,0.2899,0.0,vacant,7D
561,新北市,metro,1,300,70,0.2333,0.0,vacant,7D
562,其他,rural,0,477,100,0.2096,0.0,vacant,7D
563,高雄市,metro,1,322,114,0.354,0.0,vacant,7D
564,高雄市,metro,1,231,492,1.5,0.2788,burst,6D
565,高雄市,metro,1,291,464,1.5,0.2856,burst,6D
566,彰化縣,regional,0,491,107,0.2179,0.0,vacant,7D
567,台北市,metro,1,291,389,1.3368,0.2303,burst,6D
568,桃園市,metro,1,227,345,1.5,0.2561,burst,6D
569,台南市,metro,1,375,397,1.0587,0.1278,burst,6D
570,桃園市,metro,1,327,447,1.367,0.1904,burst,5D_G4
571,其他,rural,0,417,151,0.3621,0.0,vacant,7D
572,台中市,metro,1,285,67,0.2351,0.0,vacant,7D
573,彰化縣,regional,0,463,100,0.216,0.0,vacant,7D
574,其他,rural,0,398,437,1.098,0.1577,burst,5D_G4
575,台南市,metro,1,345,410,1.1884,0.1856,burst,6D
576,其他,rural,0,441,104,0.2358,0.0,vacant,7D
577,高雄市,metro,1,309,128,0.4142,0.0,vacant,7D
578,其他,rural,0,425,102,0.24,0.0,vacant,7D
579,桃園市,metro,1,293,416,1.4198,0.2978,burst,6D
580,台中市,metro,1,341,445,1.305,0.2149,burst,6D
581,台南市,metro,1,265,448,1.5,0.3038,burst,6D
582,台北市,metro,1,235,403,1.5,0.3115,burst,6D
583,台中市,metro,1,324,403,1.2438,0.1808,burst,6D
584,其他,rural,0,445,106,0.2382,0.0,vacant,7D
585,高雄市,metro,1,319,151,0.4734,0.0,vacant,7D
586,新北市,metro,1,316,384,1.2152,0.1498,burst,6D
587,桃園市,metro,1,287,447,1.5,0.2644,burst,5D_G2
588,新北市,metro,1,331,89,0.2689,0.0,vacant,7D
589,台北市,metro,1,298,331,1.1107,0.1383,burst,6D
590,其他,rural,0,400,124,0.31,0.0,vacant,7D
591,台中市,metro,1,287,502,1.5,0.2648,burst,6D
592,桃園市,metro,1,380,477,1.2553,0.2599,burst,5D_G4
593,高雄市,metro,1,230,583,1.5,0.215,burst,6D
594,台北市,metro,1,319,525,1.5,0.285,burst,6D
595,新北市,metro,1,232,536,1.5,0.2624,burst,5D_G2
596,新竹縣市,regional,0,415,618,1.4892,0.2475,burst,6D
597,高雄市,metro,1,282,63,0.2234,0.0,vacant,7D
598,其他,rural,0,336,71,0.2113,0.0,vacant,7D
599,高雄市,metro,1,315,508,1.5,0.2917,burst,5D_G4
600,台中市,metro,1,284,416,1.4648,0.265,burst,6D
601,彰化縣,regional,0,336,456,1.3571,0.2599,burst,5D_G2
602,其他,rural,0,453,411,0.9073,0.1303,burst,6D
603,新竹縣市,regional,0,477,92,0.1929,0.0,vacant,7D
604,其他,rural,0,479,70,0.1461,0.0,vacant,7D
605,屏東縣,regional,0,434,90,0.2074,0.0,vacant,7D
606,其他,rural,0,421,474,1.1259,0.1727,burst,6D
607,台北市,metro,1,353,84,0.238,0.0,vacant,7D
608,基隆市,regional,0,487,123,0.2526,0.0,vacant,7D
609,台中市,metro,1,345,52,0.1507,0.0,vacant,7D
610,台南市,metro,1,262,381,1.4542,0.2584,burst,5D_G4
611,高雄市,metro,1,308,100,0.3247,0.0,vacant,7D
612,其他,rural,0,437,474,1.0847,0.1099,burst,6D
613,其他,rural,0,347,110,0.317,0.0,vacant,7D
614,桃園市,metro,1,318,513,1.5,0.2746,burst,6D
615,基隆市,regional,0,510,77,0.151,0.0,vacant,7D
616,彰化縣,regional,0,445,99,0.2225,0.0,vacant,7D
617,桃園市,metro,1,358,88,0.2458,0.0,vacant,7D
618,新北市,metro,1,307,462,1.5,0.2837,burst,6D
619,台北市,metro,1,297,91,0.3064,0.0,vacant,7D
620,屏東縣,regional,0,435,98,0.2253,0.0,vacant,7D
621,台中市,metro,1,267,472,1.5,0.2267,burst,5D_G4
622,其他,rural,0,381,95,0.2493,0.0,vacant,7D
623,台中市,metro,1,350,309,0.8829,0.0548,burst,6D
624,其他,rural,0,474,116,0.2447,0.0,vacant,7D
625,台中市,metro,1,260,118,0.4538,0.0,vacant,7D
626,屏東縣,regional,0,458,107,0.2336,0.0,vacant,7D
627,台北市,metro,1,296,544,1.5,0.2063,burst,6D
628,台南市,metro,1,313,362,1.1565,0.171,burst,5D_Control
629,屏東縣,regional,0,438,85,0.1941,0.0,vacant,7D
630,其他,rural,0,459,379,0.8257,0.041,vacant,7D
631,其他,rural,0,423,381,0.9007,0.0854,burst,5D_Control
632,台北市,metro,1,356,435,1.2219,0.1745,burst,6D
633,桃園市,metro,1,312,107,0.3429,0.0,vacant,7D
634,台北市,metro,1,324,121,0.3735,0.0,vacant,7D
635,台北市,metro,1,266,78,0.2932,0.0,vacant,7D
636,新竹縣市,regional,0,506,93,0.1838,0.0,vacant,7D
637,新竹縣市,regional,0,438,123,0.2808,0.0,vacant,7D
638,彰化縣,regional,0,448,137,0.3058,0.0,vacant,7D
639,其他,rural,0,355,447,1.2592,0.1677,burst,6D
640,彰化縣,regional,0,387,87,0.2248,0.0,vacant,7D
641,屏東縣,regional,0,469,154,0.3284,0.0,vacant,7D
642,台北市,metro,1,311,300,0.9646,0.0782,burst,6D
643,新北市,metro,1,223,145,0.6502,0.0,vacant,7D
644,高雄市,metro,1,341,105,0.3079,0.0,vacant,7D
645,其他,rural,0,398,106,0.2663,0.0,vacant,7D
646,台北市,metro,1,356,92,0.2584,0.0,vacant,7D
647,台南市,metro,1,296,442,1.4932,0.2917,burst,6D
648,新竹縣市,regional,0,428,133,0.3107,0.0,vacant,7D
649,台北市,metro,1,347,453,1.3055,0.1839,burst,6D
650,台中市,metro,1,264,91,0.3447,0.0,vacant,7D
651,其他,rural,0,380,435,1.1447,0.1468,burst,6D
652,高雄市,metro,1,292,422,1.4452,0.2592,burst,6D
653,新北市,metro,1,333,440,1.3213,0.1699,burst,5D_G2
654,其他,rural,0,366,125,0.3415,0.0,vacant,7D
655,桃園市,metro,1,233,345,1.4807,0.2945,burst,5D_Control
656,其他,rural,0,452,88,0.1947,0.0,vacant,7D
657,桃園市,metro,1,275,422,1.5,0.2944,burst,5D_Control
658,高雄市,metro,1,284,525,1.5,0.2001,burst,6D
659,台中市,metro,1,225,485,1.5,0.2532,burst,6D
660,新北市,metro,1,272,520,1.5,0.2649,burst,5D_G2
661,其他,rural,0,419,389,0.9284,0.1508,burst,6D
662,新北市,metro,1,337,427,1.2671,0.165,burst,5D_G2
663,台北市,metro,1,269,82,0.3048,0.0,vacant,7D
664,桃園市,metro,1,366,73,0.1995,0.0,vacant,7D
665,新竹縣市,regional,0,392,111,0.2832,0.0,vacant,7D
666,屏東縣,regional,0,392,50,0.1276,0.0,vacant,7D
667,其他,rural,0,481,74,0.1538,0.0,vacant,7D
668,桃園市,metro,1,308,53,0.1721,0.0,vacant,7D
669,台中市,metro,1,277,445,1.5,0.2563,burst,5D_G4
670,新北市,metro,1,293,485,1.5,0.3083,burst,6D
671,高雄市,metro,1,354,344,0.9718,0.1272,burst,5D_G2
672,其他,rural,0,478,140,0.2929,0.0,vacant,7D
673,新竹縣市,regional,0,387,141,0.3643,0.0,vacant,7D
674,高雄市,metro,1,298,54,0.1812,0.0,vacant,7D
675,台中市,metro,1,303,423,1.396,0.262,burst,6D
676,其他,rural,0,380,75,0.1974,0.0,vacant,7D
677,台中市,metro,1,297,70,0.2357,0.0,vacant,7D
678,新北市,metro,1,300,441,1.47,0.3005,burst,6D
679,桃園市,metro,1,345,130,0.3768,0.0,vacant,7D
680,台北市,metro,1,348,500,1.4368,0.2257,burst,5D_G4
681,新北市,metro,1,286,467,1.5,0.2394,burst,6D
682,台北市,metro,1,291,117,0.4021,0.0,vacant,7D
683,台中市,metro,1,326,452,1.3865,0.2378,burst,5D_G4
684,高雄市,metro,1,276,472,1.5,0.2169,burst,6D
685,桃園市,metro,1,323,79,0.2446,0.0,vacant,7D
686,台中市,metro,1,296,101,0.3412,0.0,vacant,7D
687,其他,rural,0,381,94,0.2467,0.0,vacant,7D
688,彰化縣,regional,0,381,96,0.252,0.0,vacant,7D
689,台南市,metro,1,357,418,1.1709,0.1474,burst,6D
690,新北市,metro,1,293,100,0.3413,0.0,vacant,7D
691,其他,rural,0,485,113,0.233,0.0,vacant,7D
692,新北市,metro,1,279,389,1.3943,0.2516,burst,5D_G2
693,桃園市,metro,1,311,92,0.2958,0.0,vacant,7D
694,其他,rural,0,515,110,0.2136,0.0,vacant,7D
695,台南市,metro,1,257,431,1.5,0.236,burst,6D
696,彰化縣,regional,0,344,86,0.25,0.0,vacant,7D
697,高雄市,metro,1,351,463,1.3191,0.2048,burst,6D
698,高雄市,metro,1,266,129,0.485,0.0,vacant,7D
699,桃園市,metro,1,299,72,0.2408,0.0,vacant,7D
700,新北市,metro,1,276,441,1.5,0.2992,burst,6D
701,桃園市,metro,1,310,446,1.4387,0.2936,burst,5D_Control
702,新北市,metro,1,261,487,1.5,0.2828,burst,6D
703,其他,rural,0,412,76,0.1845,0.0,vacant,7D
704,新北市,metro,1,317,300,0.9464,0.0963,burst,5D_G4
705,台南市,metro,1,259,87,0.3359,0.0,vacant,7D
706,屏東縣,regional,0,391,87,0.2225,0.0,vacant,7D
707,屏東縣,regional,0,406,90,0.2217,0.0,vacant,7D
708,台中市,metro,1,242,102,0.4215,0.0,vacant,7D
709,台中市,metro,1,283,484,1.5,0.2904,burst,6D
710,其他,rural,0,424,454,1.0708,0.1039,burst,6D
711,新竹縣市,regional,0,404,30,0.1,0.0,vacant,7D
712,其他,rural,0,409,101,0.2469,0.0,vacant,7D
713,其他,rural,0,419,414,0.9881,0.1251,burst,5D_G4
714,屏東縣,regional,0,393,125,0.3181,0.0,vacant,7D
715,新北市,metro,1,327,384,1.1743,0.1685,burst,6D
716,高雄市,metro,1,357,535,1.4986,0.3022,burst,5D_Control
717,台北市,metro,1,281,120,0.427,0.0,vacant,7D
718,高雄市,metro,1,319,72,0.2257,0.0,vacant,7D
719,其他,rural,0,410,119,0.2902,0.0,vacant,7D
720,台南市,metro,1,314,85,0.2707,0.0,vacant,7D
721,台中市,metro,1,362,70,0.1934,0.0,vacant,7D
722,台北市,metro,1,320,417,1.3031,0.1752,burst,6D
723,其他,rural,0,349,135,0.3868,0.0,vacant,7D
724,台北市,metro,1,318,470,1.478,0.2777,burst,5D_Control
725,台北市,metro,1,349,428,1.2264,0.1442,burst,6D
726,新北市,metro,1,291,422,1.4502,0.2481,burst,5D_G2
727,台北市,metro,1,339,369,1.0885,0.2403,burst,5D_G2
728,台中市,metro,1,272,454,1.5,0.2705,burst,6D
729,台南市,metro,1,240,439,1.5,0.2477,burst,6D
730,桃園市,metro,1,305,105,0.3443,0.0,vacant,7D
731,台北市,metro,1,229,461,1.5,0.3232,burst,5D_Control
732,台北市,metro,1,290,106,0.3655,0.0,vacant,7D
733,桃園市,metro,1,351,81,0.2308,0.0,vacant,7D
734,台北市,metro,1,223,122,0.5471,0.0,vacant,7D
735,新竹縣市,regional,0,368,435,1.1821,0.2122,burst,6D
736,新北市,metro,1,258,85,0.3295,0.0,vacant,7D
737,桃園市,metro,1,297,387,1.303,0.2158,burst,5D_G2
738,台中市,metro,1,285,112,0.393,0.0,vacant,7D
739,台中市,metro,1,355,451,1.2704,0.2426,burst,6D
740,台北市,metro,1,338,96,0.284,0.0,vacant,7D
741,台北市,metro,1,319,455,1.4263,0.2291,burst,6D
742,其他,rural,0,425,88,0.2071,0.0,vacant,7D
743,台北市,metro,1,315,350,1.1111,0.103,burst,6D
744,台南市,metro,1,265,97,0.366,0.0,vacant,7D
745,台中市,metro,1,334,421,1.2605,0.2231,burst,5D_G2
746,桃園市,metro,1,255,399,1.5,0.2588,burst,6D
747,台中市,metro,1,333,384,1.1532,0.1581,burst,6D
748,屏東縣,regional,0,467,70,0.1499,0.0,vacant,7D
749,其他,rural,0,428,532,1.243,0.2348,burst,6D
750,新北市,metro,1,292,71,0.2432,0.0,vacant,7D
751,桃園市,metro,1,316,437,1.3829,0.2927,burst,5D_G4
752,新北市,metro,1,185,514,1.5,0.2851,burst,6D
753,台中市,metro,1,312,341,1.0929,0.157,burst,5D_G2
754,新竹縣市,regional,0,415,90,0.2169,0.0,vacant,7D
755,新北市,metro,1,297,107,0.3603,0.0,vacant,7D
756,桃園市,metro,1,328,104,0.3171,0.0,vacant,7D
757,其他,rural,0,417,115,0.2758,0.0,vacant,7D
758,台北市,metro,1,254,115,0.4528,0.0,vacant,7D
759,台中市,metro,1,294,434,1.4762,0.2635,burst,6D
760,新竹縣市,regional,0,422,93,0.2204,0.0,vacant,7D
761,新北市,metro,1,304,498,1.5,0.2564,burst,6D
762,台北市,metro,1,306,89,0.2908,0.0,vacant,7D
763,新北市,metro,1,341,395,1.1584,0.2006,burst,6D
764,其他,rural,0,376,439,1.1676,0.1497,burst,5D_Control
765,台北市,metro,1,307,480,1.5,0.2559,burst,6D
766,新北市,metro,1,351,378,1.0769,0.1048,burst,5D_Control
767,台北市,metro,1,230,351,1.5,0.2911,burst,6D
768,台北市,metro,1,307,569,1.5,0.2625,burst,5D_G2
769,高雄市,metro,1,276,411,1.4891,0.2077,burst,6D
770,新北市,metro,1,285,30,0.1053,0.0,vacant,7D
771,高雄市,metro,1,263,91,0.346,0.0,vacant,7D
772,高雄市,metro,1,293,482,1.5,0.2989,burst,5D_G4
773,其他,rural,0,493,105,0.213,0.0,vacant,7D
774,台北市,metro,1,249,103,0.4137,0.0,vacant,7D
775,其他,rural,0,373,117,0.3137,0.0,vacant,7D
776,高雄市,metro,1,247,366,1.4818,0.2647,burst,6D
777,新北市,metro,1,369,426,1.1545,0.1879,burst,6D
778,彰化縣,regional,0,401,157,0.3915,0.0,vacant,7D
779,其他,rural,0,418,346,0.8278,0.089,burst,6D
780,新北市,metro,1,283,67,0.2367,0.0,vacant,7D
781,其他,rural,0,382,85,0.2225,0.0,vacant,7D
782,台中市,metro,1,290,539,1.5,0.2338,burst,5D_G2
783,高雄市,metro,1,398,114,0.2864,0.0,vacant,7D
784,其他,rural,0,475,76,0.16,0.0,vacant,7D
785,桃園市,metro,1,265,476,1.5,0.2516,burst,5D_G4
786,其他,rural,0,445,376,0.8449,0.095,burst,6D
787,桃園市,metro,1,266,487,1.5,0.3155,burst,5D_G2
788,屏東縣,regional,0,348,120,0.3448,0.0,vacant,7D
789,高雄市,metro,1,340,384,1.1294,0.1886,burst,6D
790,新北市,metro,1,346,432,1.2486,0.2105,burst,5D_G4
791,台中市,metro,1,341,91,0.2669,0.0,vacant,7D
792,桃園市,metro,1,281,430,1.5,0.2925,burst,6D
793,台北市,metro,1,293,506,1.5,0.3252,burst,5D_Control
794,台北市,metro,1,329,402,1.2219,0.1674,burst,6D
795,桃園市,metro,1,315,554,1.5,0.2412,burst,6D
796,台北市,metro,1,284,370,1.3028,0.1803,burst,6D
797,新北市,metro,1,235,546,1.5,0.2998,burst,5D_G4
798,基隆市,regional,0,424,84,0.1981,0.0,vacant,7D
799,新竹縣市,regional,0,463,88,0.1901,0.0,vacant,7D
800,基隆市,regional,0,372,420,1.129,0.0946,burst,6D
801,桃園市,metro,1,325,429,1.32,0.1958,burst,6D
802,其他,rural,0,433,88,0.2032,0.0,vacant,7D
803,高雄市,metro,1,330,86,0.2606,0.0,vacant,7D
804,新北市,metro,1,334,521,1.5,0.2754,burst,6D
805,新北市,metro,1,272,425,1.5,0.2543,burst,6D
806,新竹縣市,regional,0,355,461,1.2986,0.24,burst,6D
807,新北市,metro,1,278,403,1.4496,0.2652,burst,6D
808,台南市,metro,1,335,81,0.2418,0.0,vacant,7D
809,其他,rural,0,398,130,0.3266,0.0,vacant,7D
810,台北市,metro,1,272,423,1.5,0.2857,burst,6D
811,台北市,metro,1,227,464,1.5,0.2838,burst,5D_G2
812,其他,rural,0,490,335,0.6837,0.0,vacant,7D
813,高雄市,metro,1,333,447,1.3423,0.2339,burst,5D_G4
814,新北市,metro,1,330,62,0.1879,0.0,vacant,7D
815,其他,rural,0,458,157,0.3428,0.0,vacant,7D
816,其他,rural,0,443,109,0.246,0.0,vacant,7D
817,台南市,metro,1,290,366,1.2621,0.1697,burst,5D_G2
818,高雄市,metro,1,293,477,1.5,0.2457,burst,5D_G4
819,新北市,metro,1,282,310,1.0993,0.1367,burst,6D
820,台北市,metro,1,405,132,0.3259,0.0,vacant,7D
821,高雄市,metro,1,322,437,1.3571,0.2235,burst,6D
822,桃園市,metro,1,281,559,1.5,0.2363,burst,6D
823,高雄市,metro,1,318,70,0.2201,0.0,vacant,7D
824,其他,rural,0,379,116,0.3061,0.0,vacant,7D
825,台北市,metro,1,360,443,1.2306,0.0956,burst,6D
826,高雄市,metro,1,273,107,0.3919,0.0,vacant,7D
827,新北市,metro,1,320,367,1.1469,0.2337,burst,5D_G2
828,其他,rural,0,462,93,0.2013,0.0,vacant,7D
829,新北市,metro,1,315,490,1.5,0.2407,burst,5D_Control
830,高雄市,metro,1,303,557,1.5,0.2745,burst,6D
831,台南市,metro,1,300,510,1.5,0.2261,burst,5D_Control
832,台中市,metro,1,297,86,0.2896,0.0,vacant,7D
833,新竹縣市,regional,0,396,113,0.2854,0.0,vacant,7D
834,基隆市,regional,0,402,110,0.2736,0.0,vacant,7D
835,高雄市,metro,1,359,100,0.2786,0.0,vacant,7D
836,彰化縣,regional,0,415,403,0.9711,0.1189,burst,6D
837,其他,rural,0,388,67,0.1727,0.0,vacant,7D
838,台中市,metro,1,279,80,0.2867,0.0,vacant,7D
839,台南市,metro,1,344,469,1.3634,0.2301,burst,6D
840,台北市,metro,1,327,135,0.4128,0.0,vacant,7D
841,屏東縣,regional,0,442,109,0.2466,0.0,vacant,7D
842,台南市,metro,1,289,449,1.5,0.225,burst,5D_G2
843,台中市,metro,1,322,427,1.3261,0.2373,burst,5D_G4
844,台北市,metro,1,274,491,1.5,0.2599,burst,5D_Control
845,其他,rural,0,409,99,0.2421,0.0,vacant,7D
846,台中市,metro,1,338,402,1.1893,0.1749,burst,6D
847,新竹縣市,regional,0,454,82,0.1806,0.0,vacant,7D
848,新北市,metro,1,260,446,1.5,0.3198,burst,6D
849,其他,rural,0,385,479,1.2442,0.1759,burst,6D
850,新北市,metro,1,304,101,0.3322,0.0,vacant,7D
851,新北市,metro,1,369,377,1.0217,0.1592,burst,5D_Control
852,其他,rural,0,343,91,0.2653,0.0,vacant,7D
853,其他,rural,0,431,82,0.1903,0.0,vacant,7D
854,新北市,metro,1,244,135,0.5533,0.0026,vacant,7D
855,台中市,metro,1,274,101,0.3686,0.0,vacant,7D
856,基隆市,regional,0,405,127,0.3136,0.0,vacant,7D
857,其他,rural,0,403,532,1.3201,0.1761,burst,5D_G4
858,桃園市,metro,1,278,428,1.5,0.2866,burst,6D
859,台南市,metro,1,300,106,0.3533,0.0,vacant,7D
860,彰化縣,regional,0,398,110,0.2764,0.0,vacant,7D
861,基隆市,regional,0,361,103,0.2853,0.0,vacant,7D
862,屏東縣,regional,0,451,87,0.1929,0.0,vacant,7D
863,高雄市,metro,1,330,366,1.1091,0.1632,burst,5D_G4
864,台北市,metro,1,333,88,0.2643,0.0,vacant,7D
865,其他,rural,0,358,123,0.3436,0.0,vacant,7D
866,其他,rural,0,431,451,1.0464,0.1788,burst,6D
867,屏東縣,regional,0,447,62,0.1387,0.0,vacant,7D
868,台北市,metro,1,258,58,0.2248,0.0,vacant,7D
869,新北市,metro,1,300,56,0.1867,0.0,vacant,7D
870,彰化縣,regional,0,415,115,0.2771,0.0,vacant,7D
871,台北市,metro,1,373,444,1.1903,0.137,burst,6D
872,其他,rural,0,496,107,0.2157,0.0,vacant,7D
873,桃園市,metro,1,233,543,1.5,0.2638,burst,6D
874,新竹縣市,regional,0,519,519,1.0,0.0838,burst,6D
875,其他,rural,0,383,110,0.2872,0.0,vacant,7D
876,台中市,metro,1,339,380,1.1209,0.1992,burst,6D
877,桃園市,metro,1,338,542,1.5,0.2211,burst,5D_Control
878,高雄市,metro,1,260,428,1.5,0.3007,burst,5D_Control
879,高雄市,metro,1,319,110,0.3448,0.0,vacant,7D
880,台中市,metro,1,295,344,1.1661,0.1578,burst,6D
881,高雄市,metro,1,322,142,0.441,0.0075,vacant,7D
882,其他,rural,0,429,65,0.1515,0.0,vacant,7D
883,台中市,metro,1,347,91,0.2622,0.0,vacant,7D
884,新北市,metro,1,303,494,1.5,0.2929,burst,6D
885,桃園市,metro,1,293,137,0.4676,0.0,vacant,7D
886,台中市,metro,1,343,471,1.3732,0.2341,burst,6D
887,新北市,metro,1,323,406,1.257,0.199,burst,5D_Control
888,新北市,metro,1,329,104,0.3161,0.0,vacant,7D
889,新竹縣市,regional,0,393,134,0.341,0.0,vacant,7D
890,桃園市,metro,1,258,429,1.5,0.2586,burst,6D
891,其他,rural,0,397,473,1.1914,0.1496,burst,5D_G4
892,新北市,metro,1,275,356,1.2945,0.1773,burst,6D
893,台北市,metro,1,331,91,0.2749,0.0,vacant,7D
894,彰化縣,regional,0,459,421,0.9172,0.096,burst,5D_G4
895,其他,rural,0,413,120,0.2906,0.0,vacant,7D
896,新北市,metro,1,357,95,0.2661,0.0,vacant,7D
897,新北市,metro,1,354,91,0.2571,0.0,vacant,7D
898,新北市,metro,1,309,128,0.4142,0.0,vacant,7D
899,台南市,metro,1,267,141,0.5281,0.0,vacant,7D
900,台中市,metro,1,363,81,0.2231,0.0,vacant,7D
901,新北市,metro,1,297,404,1.3603,0.2173,burst,6D
902,台北市,metro,1,305,108,0.3541,0.0,vacant,7D
903,台中市,metro,1,286,426,1.4895,0.2715,burst,6D
904,其他,rural,0,384,470,1.224,0.1944,burst,5D_G2
905,高雄市,metro,1,241,422,1.5,0.2533,burst,5D_G4
906,台中市,metro,1,325,452,1.3908,0.2329,burst,5D_G2
907,台北市,metro,1,268,113,0.4216,0.0113,vacant,7D
908,新北市,metro,1,422,464,1.0995,0.2135,burst,6D
909,桃園市,metro,1,256,452,1.5,0.2384,burst,6D
910,彰化縣,regional,0,369,97,0.2629,0.0,vacant,7D
911,其他,rural,0,440,68,0.1545,0.0,vacant,7D
912,其他,rural,0,481,95,0.1975,0.0,vacant,7D
913,其他,rural,0,422,62,0.1469,0.0,vacant,7D
914,其他,rural,0,442,118,0.267,0.0,vacant,7D
915,其他,rural,0,346,110,0.3179,0.0,vacant,7D
916,台北市,metro,1,272,590,1.5,0.2697,burst,6D
917,新北市,metro,1,257,513,1.5,0.2912,burst,6D
918,桃園市,metro,1,224,466,1.5,0.2856,burst,5D_G2
919,台南市,metro,1,304,520,1.5,0.2524,burst,6D
920,台北市,metro,1,210,105,0.5,0.0018,vacant,7D
921,其他,rural,0,367,117,0.3188,0.0,vacant,7D
922,高雄市,metro,1,278,426,1.5,0.3102,burst,5D_G2
923,台南市,metro,1,266,367,1.3797,0.2163,burst,6D
924,新北市,metro,1,315,58,0.1841,0.0,vacant,7D
925,新北市,metro,1,312,97,0.3109,0.0,vacant,7D
926,新北市,metro,1,335,505,1.5,0.2423,burst,5D_G4
927,其他,rural,0,450,135,0.3,0.0,vacant,7D
928,高雄市,metro,1,345,473,1.371,0.1584,burst,6D
929,基隆市,regional,0,419,450,1.074,0.1352,burst,6D
930,桃園市,metro,1,312,103,0.3301,0.0,vacant,7D
931,桃園市,metro,1,320,89,0.2781,0.0,vacant,7D
932,台中市,metro,1,305,532,1.5,0.2827,burst,5D_Control
933,彰化縣,regional,0,404,113,0.2797,0.0,vacant,7D
934,彰化縣,regional,0,406,50,0.1232,0.0,vacant,7D
935,新北市,metro,1,267,402,1.5,0.263,burst,6D
936,其他,rural,0,436,85,0.195,0.0,vacant,7D
937,新北市,metro,1,296,120,0.4054,0.0,vacant,7D
938,其他,rural,0,393,132,0.3359,0.0,vacant,7D
939,台北市,metro,1,273,127,0.4652,0.0,vacant,7D
940,新北市,metro,1,251,432,1.5,0.2255,burst,6D
941,其他,rural,0,459,39,0.1,0.0,vacant,7D
942,新北市,metro,1,303,109,0.3597,0.0,vacant,7D
943,台中市,metro,1,265,136,0.5132,0.0124,vacant,7D
944,台中市,metro,1,332,523,1.5,0.3012,burst,6D
945,新北市,metro,1,277,111,0.4007,0.0121,vacant,7D
946,新竹縣市,regional,0,363,70,0.1928,0.0,vacant,7D
947,其他,rural,0,460,86,0.187,0.0,vacant,7D
948,其他,rural,0,398,148,0.3719,0.0,vacant,7D
949,桃園市,metro,1,283,450,1.5,0.2909,burst,6D
950,台南市,metro,1,301,71,0.2359,0.0,vacant,7D
951,新北市,metro,1,345,548,1.5,0.2895,burst,5D_G2
952,新北市,metro,1,300,89,0.2967,0.0,vacant,7D
953,新北市,metro,1,252,70,0.2778,0.0,vacant,7D
954,其他,rural,0,441,138,0.3129,0.0,vacant,7D
955,其他,rural,0,400,111,0.2775,0.0,vacant,7D
956,屏東縣,regional,0,495,90,0.1818,0.0,vacant,7D
957,台南市,metro,1,299,71,0.2375,0.0,vacant,7D
958,台中市,metro,1,210,151,0.719,0.0972,burst,6D
959,台南市,metro,1,314,99,0.3153,0.0,vacant,7D
960,台南市,metro,1,377,414,1.0981,0.1711,burst,6D
961,台中市,metro,1,363,458,1.2617,0.1122,burst,6D
962,新北市,metro,1,373,363,0.9732,0.132,burst,6D
963,新北市,metro,1,259,515,1.5,0.2139,burst,5D_G4
964,其他,rural,0,456,136,0.2982,0.0,vacant,7D
965,台中市,metro,1,271,519,1.5,0.2306,burst,5D_G2
966,其他,rural,0,428,53,0.1238,0.0,vacant,7D
967,新北市,metro,1,249,441,1.5,0.2952,burst,6D
968,台南市,metro,1,274,377,1.3759,0.1771,burst,5D_G2
969,新北市,metro,1,272,74,0.2721,0.0,vacant,7D
970,新北市,metro,1,335,397,1.1851,0.1601,burst,5D_G4
971,台北市,metro,1,332,66,0.1988,0.0,vacant,7D
972,新北市,metro,1,311,88,0.283,0.0,vacant,7D
973,其他,rural,0,365,457,1.2521,0.1603,burst,6D
974,桃園市,metro,1,287,87,0.3031,0.0,vacant,7D
975,高雄市,metro,1,270,98,0.363,0.0,vacant,7D
976,台中市,metro,1,334,74,0.2216,0.0,vacant,7D
977,台中市,metro,1,347,427,1.2305,0.1616,burst,6D
978,台南市,metro,1,342,436,1.2749,0.1944,burst,6D
979,新北市,metro,1,269,144,0.5353,0.0,vacant,7D
980,其他,rural,0,310,95,0.3065,0.0,vacant,7D
981,其他,rural,0,349,86,0.2464,0.0,vacant,7D
982,彰化縣,regional,0,476,447,0.9391,0.0814,burst,6D
983,台中市,metro,1,283,509,1.5,0.3117,burst,6D
984,新北市,metro,1,269,386,1.4349,0.239,burst,5D_G4
985,其他,rural,0,485,118,0.2433,0.0,vacant,7D
986,桃園市,metro,1,350,367,1.0486,0.1388,burst,6D
987,台北市,metro,1,300,117,0.39,0.0035,vacant,7D
988,桃園市,metro,1,288,444,1.5,0.2703,burst,6D
989,屏東縣,regional,0,414,398,0.9614,0.1412,burst,5D_Control
990,高雄市,metro,1,309,122,0.3948,0.0,vacant,7D
991,彰化縣,regional,0,484,132,0.2727,0.0,vacant,7D
992,屏東縣,regional,0,436,97,0.2225,0.0,vacant,7D
993,新北市,metro,1,329,362,1.1003,0.1269,burst,6D
994,其他,rural,0,466,152,0.3262,0.0,vacant,7D
995,台中市,metro,1,253,531,1.5,0.2966,burst,5D_Control
996,高雄市,metro,1,330,64,0.1939,0.0,vacant,7D
997,台北市,metro,1,288,477,1.5,0.27,burst,6D
998,其他,rural,0,319,399,1.2508,0.2165,burst,6D
999,新北市,metro,1,214,495,1.5,0.2453,burst,5D_Control
1000,台北市,metro,1,259,124,0.4788,0.0,vacant,7D
1001,台中市,metro,1,321,452,1.4081,0.2446,burst,6D
1002,新北市,metro,1,304,453,1.4901,0.2621,burst,5D_G4
1003,新北市,metro,1,307,53,0.1726,0.0,vacant,7D
1004,高雄市,metro,1,378,487,1.2884,0.1953,burst,6D
1005,台中市,metro,1,249,61,0.245,0.0,vacant,7D
1006,其他,rural,0,418,68,0.1627,0.0,vacant,7D
1007,桃園市,metro,1,312,578,1.5,0.287,burst,6D
1008,基隆市,regional,0,390,126,0.3231,0.0,vacant,7D
1009,台中市,metro,1,301,96,0.3189,0.0,vacant,7D
1010,高雄市,metro,1,236,435,1.5,0.2662,burst,5D_Control
1011,高雄市,metro,1,356,424,1.191,0.2139,burst,6D
1012,台中市,metro,1,272,430,1.5,0.2434,burst,5D_G2
1013,其他,rural,0,501,72,0.1437,0.0,vacant,7D
1014,桃園市,metro,1,298,534,1.5,0.292,burst,6D
1015,新北市,metro,1,341,115,0.3372,0.0,vacant,7D
1016,新竹縣市,regional,0,417,122,0.2926,0.0,vacant,7D
1017,其他,rural,0,418,107,0.256,0.0,vacant,7D
1018,台北市,metro,1,276,448,1.5,0.3233,burst,6D
1019,台中市,metro,1,304,391,1.2862,0.2248,burst,6D
1020,其他,rural,0,432,99,0.2292,0.0,vacant,7D
1021,彰化縣,regional,0,388,87,0.2242,0.0,vacant,7D
1022,其他,rural,0,414,92,0.2222,0.0,vacant,7D
1023,台南市,metro,1,275,462,1.5,0.2749,burst,6D
1024,高雄市,metro,1,391,365,0.9335,0.112,burst,6D
1025,桃園市,metro,1,296,64,0.2162,0.0,vacant,7D
1026,其他,rural,0,481,75,0.1559,0.0,vacant,7D
1027,桃園市,metro,1,292,461,1.5,0.226,burst,6D
1028,基隆市,regional,0,430,140,0.3256,0.0,vacant,7D
1029,台中市,metro,1,247,423,1.5,0.2176,burst,5D_Control
1030,高雄市,metro,1,282,58,0.2057,0.0,vacant,7D
1031,新竹縣市,regional,0,428,133,0.3107,0.0,vacant,7D
1032,台南市,metro,1,363,133,0.3664,0.0,vacant,7D
1033,其他,rural,0,428,70,0.1636,0.0,vacant,7D
1034,台中市,metro,1,355,400,1.1268,0.0997,burst,6D
1035,高雄市,metro,1,325,98,0.3015,0.0,vacant,7D
1036,桃園市,metro,1,365,416,1.1397,0.1549,burst,5D_Control
1037,台中市,metro,1,297,139,0.468,0.0,vacant,7D
1038,台中市,metro,1,395,458,1.1595,0.1254,burst,5D_Control
1039,新北市,metro,1,280,143,0.5107,0.0031,vacant,7D
1040,台北市,metro,1,269,567,1.5,0.2712,burst,6D
1041,高雄市,metro,1,251,495,1.5,0.2682,burst,6D
1042,高雄市,metro,1,393,89,0.2265,0.0,vacant,7D
1043,高雄市,metro,1,332,496,1.494,0.2704,burst,5D_G4
1044,台北市,metro,1,286,552,1.5,0.2954,burst,6D
1045,桃園市,metro,1,349,123,0.3524,0.0,vacant,7D
1046,新北市,metro,1,327,66,0.2018,0.0,vacant,7D
1047,屏東縣,regional,0,498,121,0.243,0.0,vacant,7D
1048,其他,rural,0,358,112,0.3128,0.0,vacant,7D
1049,新北市,metro,1,289,58,0.2007,0.0,vacant,7D
1050,高雄市,metro,1,281,48,0.1708,0.0,vacant,7D
1051,新北市,metro,1,221,125,0.5656,0.0,vacant,7D
1052,新北市,metro,1,342,406,1.1871,0.1791,burst,6D
1053,新北市,metro,1,289,438,1.5,0.2721,burst,6D
1054,新北市,metro,1,329,94,0.2857,0.0,vacant,7D
1055,新竹縣市,regional,0,514,553,1.0759,0.1372,burst,6D
1056,其他,rural,0,405,97,0.2395,0.0,vacant,7D
1057,新北市,metro,1,283,477,1.5,0.3188,burst,6D
1058,台南市,metro,1,304,537,1.5,0.3176,burst,5D_Control
1059,新竹縣市,regional,0,459,125,0.2723,0.0,vacant,7D
1060,其他,rural,0,397,536,1.3501,0.2179,burst,6D
1061,高雄市,metro,1,274,375,1.3686,0.2003,burst,6D
1062,新北市,metro,1,342,108,0.3158,0.0,vacant,7D
1063,高雄市,metro,1,315,71,0.2254,0.0,vacant,7D
1064,桃園市,metro,1,218,108,0.4954,0.0,vacant,7D
1065,其他,rural,0,370,66,0.1784,0.0,vacant,7D
1066,台中市,metro,1,360,98,0.2722,0.0,vacant,7D
1067,新竹縣市,regional,0,436,70,0.1606,0.0,vacant,7D
1068,台北市,metro,1,269,72,0.2677,0.0,vacant,7D
1069,台中市,metro,1,293,337,1.1502,0.1962,burst,6D
1070,其他,rural,0,420,101,0.2405,0.0,vacant,7D
1071,高雄市,metro,1,329,105,0.3191,0.0,vacant,7D
1072,台中市,metro,1,245,568,1.5,0.2077,burst,6D
1073,其他,rural,0,386,85,0.2202,0.0,vacant,7D
1074,其他,rural,0,430,111,0.2581,0.0,vacant,7D
1075,桃園市,metro,1,296,104,0.3514,0.0,vacant,7D
1076,台南市,metro,1,322,423,1.3137,0.2087,burst,5D_G4
1077,台中市,metro,1,250,376,1.5,0.2411,burst,6D
1078,高雄市,metro,1,314,384,1.2229,0.1568,burst,6D
1079,桃園市,metro,1,343,132,0.3848,0.0,vacant,7D
1080,新北市,metro,1,319,83,0.2602,0.0,vacant,7D
1081,其他,rural,0,425,43,0.1012,0.0,vacant,7D
1082,其他,rural,0,416,75,0.1803,0.0,vacant,7D
1083,其他,rural,0,386,72,0.1865,0.0,vacant,7D
1084,其他,rural,0,417,118,0.283,0.0,vacant,7D
1085,彰化縣,regional,0,470,470,1.0,0.1728,burst,6D
1086,彰化縣,regional,0,415,88,0.212,0.0,vacant,7D
1087,彰化縣,regional,0,384,135,0.3516,0.0,vacant,7D
1088,台中市,metro,1,280,491,1.5,0.2862,burst,6D
1089,台中市,metro,1,308,514,1.5,0.2858,burst,6D
1090,新北市,metro,1,285,58,0.2035,0.0,vacant,7D
1091,高雄市,metro,1,319,59,0.185,0.0,vacant,7D
1092,桃園市,metro,1,320,135,0.4219,0.0,vacant,7D
1093,新北市,metro,1,335,478,1.4269,0.2683,burst,6D
1094,高雄市,metro,1,356,102,0.2865,0.0,vacant,7D
1095,台中市,metro,1,339,396,1.1681,0.1515,burst,6D
1096,新北市,metro,1,262,102,0.3893,0.0,vacant,7D
1097,其他,rural,0,383,437,1.141,0.1824,burst,5D_Control
1098,其他,rural,0,416,129,0.3101,0.0,vacant,7D
1099,新北市,metro,1,281,168,0.5979,0.0,vacant,7D
1100,台北市,metro,1,254,353,1.3898,0.223,burst,6D
1101,桃園市,metro,1,282,84,0.2979,0.0,vacant,7D
1102,屏東縣,regional,0,401,36,0.1,0.0,vacant,7D
1103,其他,rural,0,393,57,0.145,0.0,vacant,7D
1104,新北市,metro,1,287,362,1.2613,0.2109,burst,6D
1105,彰化縣,regional,0,467,74,0.1585,0.0,vacant,7D
1106,台北市,metro,1,307,425,1.3844,0.2096,burst,6D
1107,台中市,metro,1,398,426,1.0704,0.1238,burst,6D
1108,其他,rural,0,426,137,0.3216,0.0,vacant,7D
1109,新北市,metro,1,288,410,1.4236,0.2421,burst,6D
1110,新北市,metro,1,300,538,1.5,0.2709,burst,6D
1111,台中市,metro,1,310,101,0.3258,0.0,vacant,7D
1112,高雄市,metro,1,317,84,0.265,0.0,vacant,7D
1113,其他,rural,0,503,85,0.169,0.0,vacant,7D
1114,其他,rural,0,386,110,0.285,0.0,vacant,7D
1115,台北市,metro,1,334,104,0.3114,0.0,vacant,7D
1116,新北市,metro,1,308,153,0.4968,0.0,vacant,7D
1117,屏東縣,regional,0,357,110,0.3081,0.0,vacant,7D
1118,新北市,metro,1,330,128,0.3879,0.0,vacant,7D
1119,其他,rural,0,470,73,0.1553,0.0,vacant,7D
1120,高雄市,metro,1,265,527,1.5,0.3127,burst,6D
1121,台北市,metro,1,299,81,0.2709,0.0,vacant,7D
1122,其他,rural,0,350,109,0.3114,0.0,vacant,7D
1123,新北市,metro,1,249,117,0.4699,0.0053,vacant,7D
1124,台中市,metro,1,341,439,1.2874,0.1786,burst,5D_G4
1125,台南市,metro,1,281,550,1.5,0.2875,burst,6D
1126,台南市,metro,1,255,454,1.5,0.2935,burst,5D_Control
1127,新竹縣市,regional,0,429,129,0.3007,0.0,vacant,7D
1128,高雄市,metro,1,279,422,1.5,0.2477,burst,5D_G2
1129,其他,rural,0,401,144,0.3591,0.0,vacant,7D
1130,其他,rural,0,449,64,0.1425,0.0,vacant,7D
1131,台南市,metro,1,253,134,0.5296,0.0,vacant,7D
1132,台北市,metro,1,263,515,1.5,0.2664,burst,6D
1133,基隆市,regional,0,426,85,0.1995,0.0,vacant,7D
1134,其他,rural,0,458,114,0.2489,0.0,vacant,7D
1135,桃園市,metro,1,349,519,1.4871,0.2755,burst,6D
1136,台中市,metro,1,273,71,0.2601,0.0,vacant,7D
1137,台中市,metro,1,337,571,1.5,0.2771,burst,6D
1138,台北市,metro,1,268,424,1.5,0.2537,burst,6D
1139,高雄市,metro,1,373,95,0.2547,0.0,vacant,7D
1140,桃園市,metro,1,254,121,0.4764,0.0,vacant,7D
1141,屏東縣,regional,0,473,185,0.3911,0.0,vacant,7D
1142,其他,rural,0,393,110,0.2799,0.0,vacant,7D
1143,其他,rural,0,500,81,0.162,0.0,vacant,7D
1144,台中市,metro,1,323,67,0.2074,0.0,vacant,7D
1145,桃園市,metro,1,259,91,0.3514,0.0,vacant,7D
1146,彰化縣,regional,0,399,481,1.2055,0.1866,burst,6D
1147,屏東縣,regional,0,451,111,0.2461,0.0,vacant,7D
1148,台中市,metro,1,342,504,1.4737,0.301,burst,6D
1149,其他,rural,0,417,341,0.8177,0.1186,burst,6D
1150,新北市,metro,1,301,606,1.5,0.2739,burst,6D
1151,其他,rural,0,450,81,0.18,0.0,vacant,7D
1152,台北市,metro,1,305,539,1.5,0.2264,burst,6D
1153,新北市,metro,1,248,451,1.5,0.2829,burst,5D_G2
1154,台南市,metro,1,267,513,1.5,0.2377,burst,6D
1155,台北市,metro,1,309,408,1.3204,0.2142,burst,6D
1156,台北市,metro,1,348,487,1.3994,0.3307,burst,6D
1157,台北市,metro,1,364,434,1.1923,0.1868,burst,6D
1158,台中市,metro,1,331,83,0.2508,0.0,vacant,7D
1159,彰化縣,regional,0,431,122,0.2831,0.0,vacant,7D
1160,台北市,metro,1,329,506,1.5,0.2545,burst,6D
1161,高雄市,metro,1,273,320,1.1722,0.1428,burst,6D
1162,其他,rural,0,413,58,0.1404,0.0,vacant,7D
1163,新北市,metro,1,267,77,0.2884,0.0,vacant,7D
1164,新北市,metro,1,250,120,0.48,0.0,vacant,7D
1165,其他,rural,0,433,33,0.1,0.0,vacant,7D
1166,其他,rural,0,427,112,0.2623,0.0,vacant,7D
1167,台南市,metro,1,327,452,1.3823,0.281,burst,6D
1168,其他,rural,0,441,85,0.1927,0.0,vacant,7D
1169,台北市,metro,1,309,313,1.0129,0.0314,vacant,7D
1170,台中市,metro,1,322,485,1.5,0.3426,burst,6D
1171,基隆市,regional,0,418,86,0.2057,0.0,vacant,7D
1172,新北市,metro,1,316,87,0.2753,0.0,vacant,7D
1173,彰化縣,regional,0,390,82,0.2103,0.0,vacant,7D
1174,台南市,metro,1,314,523,1.5,0.284,burst,5D_G4
1175,彰化縣,regional,0,446,93,0.2085,0.0,vacant,7D
1176,台中市,metro,1,273,441,1.5,0.2573,burst,5D_G2
1177,桃園市,metro,1,302,502,1.5,0.2331,burst,6D
1178,新北市,metro,1,275,502,1.5,0.2784,burst,6D
1179,新北市,metro,1,278,444,1.5,0.3129,burst,6D
1180,彰化縣,regional,0,375,85,0.2267,0.0,vacant,7D
1181,新北市,metro,1,350,85,0.2429,0.0,vacant,7D
1182,台北市,metro,1,342,57,0.1667,0.0,vacant,7D
1183,新北市,metro,1,321,447,1.3925,0.224,burst,6D
1184,新北市,metro,1,378,387,1.0238,0.1148,burst,6D
1185,其他,rural,0,412,104,0.2524,0.0,vacant,7D
1186,台中市,metro,1,421,126,0.2993,0.0,vacant,7D
1187,其他,rural,0,410,55,0.1341,0.0,vacant,7D
1188,新北市,metro,1,310,469,1.5,0.2538,burst,6D
1189,高雄市,metro,1,284,524,1.5,0.2769,burst,6D
1190,台中市,metro,1,314,93,0.2962,0.0,vacant,7D
1191,台中市,metro,1,333,447,1.3423,0.2574,burst,6D
1192,其他,rural,0,415,88,0.212,0.0,vacant,7D
1193,其他,rural,0,491,98,0.1996,0.0,vacant,7D
1194,其他,rural,0,429,136,0.317,0.0,vacant,7D
1195,新北市,metro,1,310,370,1.1935,0.1736,burst,6D
1196,新北市,metro,1,263,80,0.3042,0.0,vacant,7D
1197,高雄市,metro,1,316,511,1.5,0.2705,burst,5D_G4
1198,桃園市,metro,1,294,438,1.4898,0.2845,burst,6D
1199,基隆市,regional,0,395,110,0.2785,0.0,vacant,7D
1200,高雄市,metro,1,268,112,0.4179,0.0,vacant,7D
1201,台南市,metro,1,406,470,1.1576,0.1637,burst,5D_G4
1202,其他,rural,0,409,104,0.2543,0.0,vacant,7D
1203,新竹縣市,regional,0,361,97,0.2687,0.0,vacant,7D
1204,台北市,metro,1,272,113,0.4154,0.0,vacant,7D
1205,台北市,metro,1,297,120,0.404,0.0,vacant,7D
1206,高雄市,metro,1,321,111,0.3458,0.0,vacant,7D
1207,台中市,metro,1,322,92,0.2857,0.0,vacant,7D
1208,新北市,metro,1,327,360,1.1009,0.1298,burst,6D
1209,台中市,metro,1,274,443,1.5,0.2777,burst,6D
1210,彰化縣,regional,0,433,66,0.1524,0.0,vacant,7D
1211,其他,rural,0,384,30,0.1,0.0,vacant,7D
1212,台南市,metro,1,275,98,0.3564,0.0,vacant,7D
1213,桃園市,metro,1,263,365,1.3878,0.2436,burst,6D
1214,新北市,metro,1,252,109,0.4325,0.0,vacant,7D
1215,台南市,metro,1,342,459,1.3421,0.2356,burst,6D
1216,桃園市,metro,1,327,351,1.0734,0.1328,burst,6D
1217,高雄市,metro,1,339,471,1.3894,0.2151,burst,5D_Control
1218,新竹縣市,regional,0,421,446,1.0594,0.1394,burst,6D
1219,台北市,metro,1,331,110,0.3323,0.0,vacant,7D
1220,台北市,metro,1,229,426,1.5,0.2445,burst,6D
1221,新北市,metro,1,334,99,0.2964,0.0,vacant,7D
1222,其他,rural,0,427,403,0.9438,0.1172,burst,6D
1223,高雄市,metro,1,325,123,0.3785,0.0,vacant,7D
1224,新北市,metro,1,315,102,0.3238,0.0,vacant,7D
1225,其他,rural,0,380,79,0.2079,0.0,vacant,7D
1226,台中市,metro,1,240,88,0.3667,0.0,vacant,7D
1227,台中市,metro,1,271,115,0.4244,0.0,vacant,7D
1228,其他,rural,0,442,74,0.1674,0.0,vacant,7D
1229,台北市,metro,1,327,600,1.5,0.3199,burst,6D
1230,新北市,metro,1,245,90,0.3673,0.0,vacant,7D
1231,高雄市,metro,1,260,97,0.3731,0.0,vacant,7D
1232,新北市,metro,1,271,647,1.5,0.334,burst,6D
1233,新竹縣市,regional,0,405,475,1.1728,0.1841,burst,6D
1234,新北市,metro,1,245,367,1.498,0.2584,burst,5D_G2
1235,台北市,metro,1,243,500,1.5,0.2653,burst,6D
1236,新北市,metro,1,267,395,1.4794,0.2767,burst,5D_G4
1237,台中市,metro,1,303,109,0.3597,0.0,vacant,7D
1238,新北市,metro,1,252,127,0.504,0.0,vacant,7D
1239,新北市,metro,1,295,423,1.4339,0.2274,burst,6D
1240,其他,rural,0,462,89,0.1926,0.0,vacant,7D
1241,桃園市,metro,1,247,483,1.5,0.2731,burst,6D
1242,桃園市,metro,1,291,508,1.5,0.2278,burst,5D_Control
1243,台北市,metro,1,340,106,0.3118,0.0,vacant,7D
1244,桃園市,metro,1,283,102,0.3604,0.0,vacant,7D
1245,新北市,metro,1,277,95,0.343,0.0,vacant,7D
1246,高雄市,metro,1,346,72,0.2081,0.0,vacant,7D
1247,新北市,metro,1,287,110,0.3833,0.0,vacant,7D
1248,其他,rural,0,464,111,0.2392,0.0,vacant,7D
1249,其他,rural,0,437,105,0.2403,0.0,vacant,7D
1250,台北市,metro,1,286,462,1.5,0.2339,burst,6D
1251,台北市,metro,1,319,141,0.442,0.0,vacant,7D
1252,台北市,metro,1,312,84,0.2692,0.0,vacant,7D
1253,高雄市,metro,1,340,132,0.3882,0.0,vacant,7D
1254,新北市,metro,1,278,444,1.5,0.2661,burst,6D
1255,其他,rural,0,421,127,0.3017,0.0065,vacant,7D
1256,彰化縣,regional,0,417,130,0.3118,0.0,vacant,7D
1257,其他,rural,0,448,470,1.0491,0.1697,burst,5D_Control
1258,台南市,metro,1,258,451,1.5,0.224,burst,6D
1259,其他,rural,0,460,111,0.2413,0.0,vacant,7D
1260,台北市,metro,1,318,489,1.5,0.2296,burst,6D
1261,台中市,metro,1,247,460,1.5,0.2777,burst,6D
1262,桃園市,metro,1,348,367,1.0546,0.1381,burst,5D_G2
1263,其他,rural,0,509,123,0.2417,0.0,vacant,7D
1264,高雄市,metro,1,340,73,0.2147,0.0,vacant,7D
1265,屏東縣,regional,0,477,96,0.2013,0.0,vacant,7D
1266,新北市,metro,1,303,429,1.4158,0.2546,burst,6D
1267,其他,rural,0,353,87,0.2465,0.0,vacant,7D
1268,台中市,metro,1,226,158,0.6991,0.0,vacant,7D
1269,台中市,metro,1,310,533,1.5,0.2475,burst,6D
1270,其他,rural,0,396,98,0.2475,0.0,vacant,7D
1271,桃園市,metro,1,263,443,1.5,0.2889,burst,6D
1272,台中市,metro,1,297,90,0.303,0.0,vacant,7D
1273,高雄市,metro,1,324,125,0.3858,0.0,vacant,7D
1274,新北市,metro,1,241,438,1.5,0.2605,burst,5D_Control
1275,桃園市,metro,1,282,470,1.5,0.2438,burst,6D
1276,新北市,metro,1,360,423,1.175,0.1824,burst,6D
1277,台北市,metro,1,256,139,0.543,0.0,vacant,7D
1278,其他,rural,0,454,462,1.0176,0.1171,burst,6D
1279,高雄市,metro,1,280,486,1.5,0.2672,burst,6D
1280,桃園市,metro,1,321,412,1.2835,0.2216,burst,6D
1281,台中市,metro,1,343,84,0.2449,0.0,vacant,7D
1282,台中市,metro,1,329,93,0.2827,0.0,vacant,7D
1283,高雄市,metro,1,336,415,1.2351,0.2035,burst,6D
1284,其他,rural,0,373,86,0.2306,0.0,vacant,7D
1285,其他,rural,0,464,50,0.1078,0.0,vacant,7D
1286,台中市,metro,1,265,67,0.2528,0.0,vacant,7D
1287,桃園市,metro,1,310,100,0.3226,0.0,vacant,7D
1288,台中市,metro,1,310,53,0.171,0.0,vacant,7D
1289,高雄市,metro,1,319,92,0.2884,0.0,vacant,7D
1290,台中市,metro,1,313,415,1.3259,0.2163,burst,5D_G2
1291,高雄市,metro,1,266,438,1.5,0.2521,burst,5D_Control
1292,台南市,metro,1,246,389,1.5,0.2579,burst,5D_Control
1293,桃園市,metro,1,334,73,0.2186,0.0,vacant,7D
1294,桃園市,metro,1,307,106,0.3453,0.0,vacant,7D
1295,桃園市,metro,1,345,494,1.4319,0.2367,burst,6D
1296,台北市,metro,1,298,482,1.5,0.2397,burst,5D_Control
1297,新北市,metro,1,243,145,0.5967,0.0,vacant,7D
1298,基隆市,regional,0,458,88,0.1921,0.0,vacant,7D
1299,台中市,metro,1,285,92,0.3228,0.0,vacant,7D
1300,新北市,metro,1,313,527,1.5,0.2272,burst,5D_G4
1301,高雄市,metro,1,274,128,0.4672,0.0,vacant,7D
1302,彰化縣,regional,0,485,408,0.8412,0.0953,burst,6D
1303,新北市,metro,1,264,88,0.3333,0.0,vacant,7D
1304,其他,rural,0,406,98,0.2414,0.0,vacant,7D
1305,其他,rural,0,424,382,0.9009,0.1094,burst,6D
1306,高雄市,metro,1,256,121,0.4727,0.0273,vacant,7D
1307,高雄市,metro,1,313,130,0.4153,0.0,vacant,7D
1308,台北市,metro,1,364,392,1.0769,0.1117,burst,5D_G4
1309,其他,rural,0,400,152,0.38,0.0,vacant,7D
1310,台中市,metro,1,315,64,0.2032,0.0,vacant,7D
1311,其他,rural,0,310,132,0.4258,0.0008,vacant,7D
1312,高雄市,metro,1,298,444,1.4899,0.2392,burst,6D
1313,台北市,metro,1,287,397,1.3833,0.2132,burst,6D
1314,台北市,metro,1,267,89,0.3333,0.0,vacant,7D
1315,新竹縣市,regional,0,463,446,0.9633,0.1457,burst,5D_Control
1316,高雄市,metro,1,286,105,0.3671,0.0,vacant,7D
1317,台北市,metro,1,292,439,1.5,0.211,burst,5D_G4
1318,彰化縣,regional,0,404,402,0.995,0.1835,burst,5D_G4
1319,其他,rural,0,343,456,1.3294,0.2282,burst,6D
1320,台中市,metro,1,254,374,1.4724,0.2754,burst,6D
1321,台中市,metro,1,338,482,1.426,0.2417,burst,6D
1322,台北市,metro,1,215,71,0.3302,0.0,vacant,7D
1323,屏東縣,regional,0,389,89,0.2288,0.0,vacant,7D
1324,桃園市,metro,1,284,110,0.3873,0.0,vacant,7D
1325,其他,rural,0,489,103,0.2106,0.0,vacant,7D
1326,桃園市,metro,1,330,149,0.4515,0.0,vacant,7D
1327,高雄市,metro,1,277,409,1.4765,0.2539,burst,6D
1328,新北市,metro,1,352,111,0.3153,0.0,vacant,7D
1329,新北市,metro,1,270,520,1.5,0.2609,burst,5D_G2
1330,彰化縣,regional,0,460,549,1.1935,0.1615,burst,6D
1331,台中市,metro,1,245,452,1.5,0.2401,burst,6D
1332,台南市,metro,1,342,95,0.2778,0.0,vacant,7D
1333,其他,rural,0,403,432,1.072,0.1459,burst,5D_G4
1334,其他,rural,0,378,81,0.2143,0.0,vacant,7D
1335,其他,rural,0,411,115,0.2798,0.0,vacant,7D
1336,新北市,metro,1,311,53,0.1704,0.0,vacant,7D
1337,高雄市,metro,1,280,309,1.1036,0.1422,burst,6D
1338,其他,rural,0,442,99,0.224,0.0,vacant,7D
1339,桃園市,metro,1,276,478,1.5,0.2053,burst,5D_G4
1340,台北市,metro,1,324,94,0.2901,0.0,vacant,7D
1341,其他,rural,0,437,96,0.2197,0.0,vacant,7D
1342,台中市,metro,1,297,504,1.5,0.2719,burst,6D
1343,高雄市,metro,1,282,180,0.6383,0.0,vacant,7D
1344,其他,rural,0,426,130,0.3052,0.0,vacant,7D
1345,高雄市,metro,1,322,421,1.3075,0.2468,burst,6D
1346,台中市,metro,1,382,392,1.0262,0.1438,burst,6D
1347,桃園市,metro,1,337,443,1.3145,0.2483,burst,6D
1348,台中市,metro,1,339,456,1.3451,0.2335,burst,6D
1349,新北市,metro,1,423,68,0.1608,0.0,vacant,7D
1350,屏東縣,regional,0,440,98,0.2227,0.0,vacant,7D
1351,其他,rural,0,439,120,0.2733,0.0,vacant,7D
1352,新北市,metro,1,328,533,1.5,0.2633,burst,6D
1353,桃園市,metro,1,259,387,1.4942,0.305,burst,5D_Control
1354,其他,rural,0,402,114,0.2836,0.0,vacant,7D
1355,台北市,metro,1,279,101,0.362,0.0,vacant,7D
1356,台南市,metro,1,325,135,0.4154,0.0,vacant,7D
1357,台中市,metro,1,293,424,1.4471,0.2889,burst,6D
1358,新竹縣市,regional,0,425,158,0.3718,0.0,vacant,7D
1359,新北市,metro,1,343,475,1.3848,0.2603,burst,6D
1360,高雄市,metro,1,334,49,0.1467,0.0,vacant,7D
1361,桃園市,metro,1,293,486,1.5,0.2216,burst,5D_G4
1362,高雄市,metro,1,273,71,0.2601,0.0,vacant,7D
1363,台北市,metro,1,345,478,1.3855,0.2592,burst,5D_Control
1364,台中市,metro,1,330,483,1.4636,0.2793,burst,6D
1365,台南市,metro,1,235,95,0.4043,0.0,vacant,7D
1366,新北市,metro,1,287,362,1.2613,0.1781,burst,6D
1367,新北市,metro,1,306,477,1.5,0.2531,burst,6D
1368,新北市,metro,1,331,92,0.2779,0.0,vacant,7D
1369,桃園市,metro,1,336,414,1.2321,0.233,burst,6D
1370,台北市,metro,1,311,579,1.5,0.3208,burst,6D
1371,其他,rural,0,443,75,0.1693,0.0,vacant,7D
1372,台中市,metro,1,302,405,1.3411,0.2322,burst,6D
1373,其他,rural,0,393,519,1.3206,0.2562,burst,6D
1374,其他,rural,0,409,68,0.1663,0.0,vacant,7D
1375,台北市,metro,1,300,66,0.22,0.0,vacant,7D
1376,高雄市,metro,1,298,113,0.3792,0.0,vacant,7D
1377,其他,rural,0,344,452,1.314,0.1848,burst,6D
1378,高雄市,metro,1,284,135,0.4754,0.0,vacant,7D
1379,台中市,metro,1,302,103,0.3411,0.0,vacant,7D
1380,台中市,metro,1,288,98,0.3403,0.0,vacant,7D
1381,台北市,metro,1,290,542,1.5,0.2863,burst,5D_G4
1382,台南市,metro,1,319,413,1.2947,0.2513,burst,6D
1383,其他,rural,0,376,99,0.2633,0.0,vacant,7D
1384,其他,rural,0,354,82,0.2316,0.0,vacant,7D
1385,台北市,metro,1,286,104,0.3636,0.0,vacant,7D
1386,新竹縣市,regional,0,450,57,0.1267,0.0,vacant,7D
1387,桃園市,metro,1,367,59,0.1608,0.0,vacant,7D
1388,其他,rural,0,451,71,0.1574,0.0,vacant,7D
1389,台北市,metro,1,241,108,0.4481,0.0,vacant,7D
1390,其他,rural,0,410,99,0.2415,0.0,vacant,7D
1391,其他,rural,0,430,126,0.293,0.0,vacant,7D
1392,台北市,metro,1,307,77,0.2508,0.0,vacant,7D
1393,台北市,metro,1,321,114,0.3551,0.0,vacant,7D
1394,其他,rural,0,383,97,0.2533,0.0,vacant,7D
1395,新北市,metro,1,302,76,0.2517,0.0,vacant,7D
1396,台南市,metro,1,316,416,1.3165,0.2268,burst,5D_G2
1397,其他,rural,0,453,442,0.9757,0.0335,vacant,7D
1398,高雄市,metro,1,267,447,1.5,0.2327,burst,6D
1399,台中市,metro,1,286,423,1.479,0.2777,burst,5D_G2
1400,台中市,metro,1,191,469,1.5,0.2589,burst,6D
1401,台北市,metro,1,275,341,1.24,0.1752,burst,6D
1402,其他,rural,0,399,89,0.2231,0.0,vacant,7D
1403,桃園市,metro,1,259,67,0.2587,0.0,vacant,7D
1404,新北市,metro,1,306,398,1.3007,0.2239,burst,6D
1405,新北市,metro,1,297,79,0.266,0.0,vacant,7D
1406,其他,rural,0,329,74,0.2249,0.0,vacant,7D
1407,台北市,metro,1,308,460,1.4935,0.2733,burst,5D_G2
1408,其他,rural,0,382,118,0.3089,0.0,vacant,7D
1409,新竹縣市,regional,0,439,104,0.2369,0.0,vacant,7D
1410,其他,rural,0,368,86,0.2337,0.0,vacant,7D
1411,其他,rural,0,421,85,0.2019,0.0,vacant,7D
1412,其他,rural,0,408,115,0.2819,0.0,vacant,7D
1413,其他,rural,0,432,40,0.1,0.0,vacant,7D
1414,新北市,metro,1,304,119,0.3914,0.0,vacant,7D
1415,屏東縣,regional,0,409,53,0.1296,0.0,vacant,7D
1416,台南市,metro,1,238,64,0.2689,0.0,vacant,7D
1417,台南市,metro,1,240,87,0.3625,0.0,vacant,7D
1418,其他,rural,0,396,154,0.3889,0.0,vacant,7D
1419,其他,rural,0,419,141,0.3365,0.0,vacant,7D
1420,新竹縣市,regional,0,395,117,0.2962,0.0,vacant,7D
1421,台中市,metro,1,325,108,0.3323,0.0,vacant,7D
1422,台中市,metro,1,288,387,1.3438,0.2256,burst,5D_G2
1423,台中市,metro,1,261,103,0.3946,0.0,vacant,7D
1424,桃園市,metro,1,288,453,1.5,0.2917,burst,6D
1425,台中市,metro,1,309,79,0.2557,0.0,vacant,7D
1426,台北市,metro,1,312,428,1.3718,0.2582,burst,6D
1427,台北市,metro,1,375,568,1.5,0.2712,burst,5D_Control
1428,屏東縣,regional,0,393,121,0.3079,0.0,vacant,7D
1429,台中市,metro,1,297,51,0.1717,0.0,vacant,7D
1430,其他,rural,0,437,551,1.2609,0.1689,burst,5D_Control
1431,高雄市,metro,1,299,388,1.2977,0.2453,burst,6D
1432,台北市,metro,1,279,420,1.5,0.2637,burst,6D
1433,新北市,metro,1,238,388,1.5,0.2784,burst,5D_G2
1434,新北市,metro,1,279,376,1.3477,0.1979,burst,6D
1435,其他,rural,0,377,490,1.2997,0.209,burst,6D
1436,新北市,metro,1,230,94,0.4087,0.0,vacant,7D
1437,台南市,metro,1,268,83,0.3097,0.0,vacant,7D
1438,其他,rural,0,378,88,0.2328,0.0,vacant,7D
1439,其他,rural,0,443,96,0.2167,0.0,vacant,7D
1440,新北市,metro,1,324,80,0.2469,0.0,vacant,7D
1441,台北市,metro,1,263,429,1.5,0.2597,burst,6D
1442,新北市,metro,1,289,93,0.3218,0.0,vacant,7D
1443,台北市,metro,1,225,487,1.5,0.2637,burst,6D
1444,新北市,metro,1,280,532,1.5,0.2614,burst,5D_G4
1445,高雄市,metro,1,315,110,0.3492,0.0,vacant,7D
1446,其他,rural,0,452,90,0.1991,0.0,vacant,7D
1447,台南市,metro,1,271,103,0.3801,0.0,vacant,7D
1448,高雄市,metro,1,342,462,1.3509,0.1906,burst,6D
1449,新北市,metro,1,239,387,1.5,0.2896,burst,6D
1450,屏東縣,regional,0,370,91,0.2459,0.0,vacant,7D
1451,高雄市,metro,1,328,428,1.3049,0.1962,burst,6D
1452,其他,rural,0,486,109,0.2243,0.0,vacant,7D
1453,其他,rural,0,439,87,0.1982,0.0,vacant,7D
1454,桃園市,metro,1,298,91,0.3054,0.0,vacant,7D
1455,台北市,metro,1,212,85,0.4009,0.0,vacant,7D
1456,新北市,metro,1,219,422,1.5,0.2377,burst,6D
1457,台中市,metro,1,305,524,1.5,0.2729,burst,6D
1458,其他,rural,0,405,48,0.1185,0.0,vacant,7D
1459,桃園市,metro,1,255,60,0.2353,0.0,vacant,7D
1460,彰化縣,regional,0,422,118,0.2796,0.0,vacant,7D
1461,台南市,metro,1,304,477,1.5,0.2677,burst,6D
1462,新北市,metro,1,337,530,1.5,0.255,burst,6D
1463,桃園市,metro,1,305,488,1.5,0.2343,burst,5D_G2
1464,高雄市,metro,1,349,491,1.4069,0.2223,burst,6D
1465,高雄市,metro,1,300,486,1.5,0.242,burst,6D
1466,台中市,metro,1,295,93,0.3153,0.0,vacant,7D
1467,新北市,metro,1,342,397,1.1608,0.2007,burst,6D
1468,新竹縣市,regional,0,380,121,0.3184,0.0,vacant,7D
1469,新北市,metro,1,412,406,0.9854,0.0496,vacant,7D
1470,其他,rural,0,435,83,0.1908,0.0,vacant,7D
1471,新北市,metro,1,315,337,1.0698,0.1684,burst,5D_G2
1472,台北市,metro,1,321,369,1.1495,0.142,burst,5D_G4
1473,台中市,metro,1,375,434,1.1573,0.2121,burst,6D
1474,台南市,metro,1,331,121,0.3656,0.0,vacant,7D
1475,台南市,metro,1,235,402,1.5,0.2851,burst,5D_G4
1476,台中市,metro,1,356,106,0.2978,0.0,vacant,7D
1477,其他,rural,0,406,102,0.2512,0.0,vacant,7D
1478,台中市,metro,1,304,515,1.5,0.2288,burst,5D_G4
1479,台中市,metro,1,248,117,0.4718,0.0,vacant,7D
1480,台中市,metro,1,321,106,0.3302,0.0,vacant,7D
1481,台北市,metro,1,273,462,1.5,0.2459,burst,5D_G2
1482,高雄市,metro,1,304,109,0.3586,0.0,vacant,7D
1483,新北市,metro,1,288,444,1.5,0.2571,burst,6D
1484,高雄市,metro,1,377,375,0.9947,0.1227,burst,5D_G4
1485,台北市,metro,1,379,166,0.438,0.0,vacant,7D
1486,其他,rural,0,421,405,0.962,0.0904,burst,6D
1487,台中市,metro,1,302,472,1.5,0.2437,burst,6D
1488,其他,rural,0,405,78,0.1926,0.0,vacant,7D
1489,台中市,metro,1,344,450,1.3081,0.2152,burst,6D
1490,台北市,metro,1,286,484,1.5,0.2839,burst,6D
1491,其他,rural,0,403,504,1.2506,0.1805,burst,6D
1492,高雄市,metro,1,339,404,1.1917,0.1496,burst,6D
1493,屏東縣,regional,0,398,99,0.2487,0.0,vacant,7D
1494,台中市,metro,1,298,78,0.2617,0.0,vacant,7D
1495,高雄市,metro,1,236,122,0.5169,0.0074,vacant,7D
1496,其他,rural,0,448,86,0.192,0.0,vacant,7D
1497,高雄市,metro,1,377,116,0.3077,0.0,vacant,7D
1498,桃園市,metro,1,328,66,0.2012,0.0,vacant,7D
1499,高雄市,metro,1,358,54,0.1508,0.0,vacant,7D
1500,高雄市,metro,1,266,336,1.2632,0.1492,burst,6D
1501,其他,rural,0,429,60,0.1399,0.0,vacant,7D
1502,桃園市,metro,1,262,300,1.145,0.1952,burst,5D_Control
1503,台中市,metro,1,290,464,1.5,0.2725,burst,6D
1504,其他,rural,0,450,74,0.1644,0.0,vacant,7D
1505,台南市,metro,1,304,110,0.3618,0.0,vacant,7D
1506,基隆市,regional,0,363,421,1.1598,0.1512,burst,5D_G4
1507,台中市,metro,1,247,505,1.5,0.2438,burst,5D_G2
1508,新北市,metro,1,244,344,1.4098,0.2086,burst,6D
1509,彰化縣,regional,0,439,74,0.1686,0.0,vacant,7D
1510,新北市,metro,1,382,436,1.1414,0.1034,burst,5D_G2
1511,新北市,metro,1,354,94,0.2655,0.0,vacant,7D
1512,高雄市,metro,1,224,432,1.5,0.2736,burst,6D
1513,彰化縣,regional,0,476,111,0.2332,0.0,vacant,7D
1514,其他,rural,0,457,79,0.1729,0.0,vacant,7D
1515,新北市,metro,1,238,91,0.3824,0.0,vacant,7D
1516,台北市,metro,1,287,482,1.5,0.3159,burst,6D
1517,其他,rural,0,463,118,0.2549,0.0,vacant,7D
1518,新北市,metro,1,322,462,1.4348,0.2584,burst,6D
1519,新北市,metro,1,247,363,1.4696,0.2755,burst,6D
1520,桃園市,metro,1,324,81,0.25,0.0,vacant,7D
1521,台南市,metro,1,214,430,1.5,0.2909,burst,5D_G2
1522,其他,rural,0,411,71,0.1727,0.0,vacant,7D
1523,彰化縣,regional,0,465,67,0.1441,0.0,vacant,7D
1524,新竹縣市,regional,0,420,406,0.9667,0.0548,burst,6D
1525,新北市,metro,1,280,531,1.5,0.28,burst,6D
1526,桃園市,metro,1,335,536,1.5,0.2576,burst,5D_G4
1527,台中市,metro,1,338,75,0.2219,0.0,vacant,7D
1528,新北市,metro,1,352,117,0.3324,0.0,vacant,7D
1529,新北市,metro,1,334,80,0.2395,0.0,vacant,7D
1530,桃園市,metro,1,343,77,0.2245,0.0,vacant,7D
1531,新北市,metro,1,329,90,0.2736,0.0,vacant,7D
1532,台南市,metro,1,310,405,1.3065,0.2356,burst,6D
1533,新竹縣市,regional,0,423,105,0.2482,0.0,vacant,7D
1534,台北市,metro,1,290,97,0.3345,0.0,vacant,7D
1535,台中市,metro,1,251,64,0.255,0.0,vacant,7D
1536,屏東縣,regional,0,381,481,1.2625,0.1693,burst,6D
1537,彰化縣,regional,0,408,68,0.1667,0.0,vacant,7D
1538,其他,rural,0,429,132,0.3077,0.0,vacant,7D
1539,台中市,metro,1,357,515,1.4426,0.2792,burst,6D
1540,其他,rural,0,418,78,0.1866,0.0,vacant,7D
1541,新北市,metro,1,340,524,1.5,0.2482,burst,6D
1542,桃園市,metro,1,343,79,0.2303,0.0,vacant,7D
1543,新北市,metro,1,290,77,0.2655,0.0,vacant,7D
1544,台中市,metro,1,323,309,0.9567,0.1693,burst,6D
1545,台中市,metro,1,290,92,0.3172,0.0,vacant,7D
1546,新北市,metro,1,352,152,0.4318,0.0,vacant,7D
1547,彰化縣,regional,0,445,356,0.8,0.0301,vacant,7D
1548,桃園市,metro,1,252,430,1.5,0.3064,burst,6D
1549,新北市,metro,1,306,116,0.3791,0.0,vacant,7D
1550,新北市,metro,1,365,538,1.474,0.2434,burst,6D
1551,台中市,metro,1,292,415,1.4212,0.2888,burst,6D
1552,桃園市,metro,1,317,411,1.2965,0.2263,burst,5D_G2
1553,桃園市,metro,1,321,140,0.4361,0.0,vacant,7D
1554,新北市,metro,1,258,110,0.4264,0.0,vacant,7D
1555,彰化縣,regional,0,440,106,0.2409,0.0,vacant,7D
1556,其他,rural,0,364,103,0.283,0.0,vacant,7D
1557,台中市,metro,1,274,402,1.4672,0.2137,burst,6D
1558,高雄市,metro,1,343,64,0.1866,0.0,vacant,7D
1559,其他,rural,0,434,145,0.3341,0.0,vacant,7D
1560,其他,rural,0,407,95,0.2334,0.0,vacant,7D
1561,高雄市,metro,1,317,500,1.5,0.2086,burst,5D_Control
1562,其他,rural,0,417,81,0.1942,0.0,vacant,7D
1563,其他,rural,0,420,58,0.1381,0.0,vacant,7D
1564,屏東縣,regional,0,446,116,0.2601,0.0,vacant,7D
1565,台中市,metro,1,270,74,0.2741,0.0,vacant,7D
1566,台北市,metro,1,301,412,1.3688,0.2226,burst,6D
1567,台北市,metro,1,287,412,1.4355,0.2456,burst,5D_G2
1568,台中市,metro,1,236,83,0.3517,0.0,vacant,7D
1569,台中市,metro,1,263,93,0.3536,0.0,vacant,7D
1570,台中市,metro,1,362,388,1.0718,0.1536,burst,5D_G4
1571,高雄市,metro,1,315,460,1.4603,0.2665,burst,6D
1572,台南市,metro,1,247,307,1.2429,0.1966,burst,5D_Control
1573,其他,rural,0,358,119,0.3324,0.0027,vacant,7D
1574,台北市,metro,1,295,93,0.3153,0.0,vacant,7D
1575,新北市,metro,1,362,442,1.221,0.1538,burst,5D_G4
1576,屏東縣,regional,0,412,98,0.2379,0.0,vacant,7D
1577,其他,rural,0,472,103,0.2182,0.0,vacant,7D
1578,其他,rural,0,434,426,0.9816,0.1279,burst,6D
1579,其他,rural,0,438,113,0.258,0.0,vacant,7D
1580,其他,rural,0,366,76,0.2077,0.0,vacant,7D
1581,桃園市,metro,1,337,507,1.5,0.2803,burst,6D
1582,台中市,metro,1,286,437,1.5,0.2999,burst,6D
1583,新北市,metro,1,334,440,1.3174,0.2303,burst,6D
1584,高雄市,metro,1,267,370,1.3858,0.2614,burst,6D
1585,其他,rural,0,427,99,0.2319,0.0,vacant,7D
1586,桃園市,metro,1,314,54,0.172,0.0,vacant,7D
1587,台南市,metro,1,293,339,1.157,0.152,burst,6D
1588,桃園市,metro,1,316,57,0.1804,0.0,vacant,7D
1589,新北市,metro,1,289,540,1.5,0.3007,burst,5D_G2
1590,新北市,metro,1,274,93,0.3394,0.0,vacant,7D
1591,台北市,metro,1,364,463,1.272,0.1981,burst,6D
1592,其他,rural,0,461,419,0.9089,0.1404,burst,6D
1593,台中市,metro,1,269,73,0.2714,0.0,vacant,7D
1594,其他,rural,0,442,49,0.1109,0.0,vacant,7D
1595,新竹縣市,regional,0,390,81,0.2077,0.0,vacant,7D
1596,新北市,metro,1,252,416,1.5,0.2671,burst,6D
1597,新北市,metro,1,341,145,0.4252,0.0,vacant,7D
1598,其他,rural,0,351,99,0.2821,0.0,vacant,7D
1599,新北市,metro,1,337,406,1.2047,0.1803,burst,5D_G2
1600,其他,rural,0,409,92,0.2249,0.0,vacant,7D
1601,新北市,metro,1,291,95,0.3265,0.0,vacant,7D
1602,新竹縣市,regional,0,436,99,0.2271,0.0,vacant,7D
1603,其他,rural,0,443,127,0.2867,0.0,vacant,7D
1604,新北市,metro,1,266,508,1.5,0.2792,burst,6D
1605,新北市,metro,1,328,377,1.1494,0.2041,burst,5D_G2
1606,其他,rural,0,424,140,0.3302,0.0,vacant,7D
1607,新北市,metro,1,249,92,0.3695,0.0,vacant,7D
1608,台中市,metro,1,293,88,0.3003,0.0,vacant,7D
1609,台中市,metro,1,355,442,1.2451,0.1953,burst,5D_Control
1610,新北市,metro,1,367,115,0.3134,0.0,vacant,7D
1611,彰化縣,regional,0,448,102,0.2277,0.0,vacant,7D
1612,彰化縣,regional,0,372,102,0.2742,0.0,vacant,7D
1613,桃園市,metro,1,319,359,1.1254,0.1962,burst,6D
1614,其他,rural,0,454,85,0.1872,0.0,vacant,7D
1615,新北市,metro,1,329,472,1.4347,0.238,burst,6D
1616,台北市,metro,1,331,111,0.3353,0.0,vacant,7D
1617,高雄市,metro,1,314,478,1.5,0.2462,burst,6D
1618,其他,rural,0,417,418,1.0024,0.1533,burst,6D
1619,台北市,metro,1,275,123,0.4473,0.0,vacant,7D
1620,新北市,metro,1,224,98,0.4375,0.0,vacant,7D
1621,台南市,metro,1,313,87,0.278,0.0,vacant,7D
1622,其他,rural,0,427,485,1.1358,0.1462,burst,6D
1623,台北市,metro,1,322,553,1.5,0.2733,burst,6D
1624,台中市,metro,1,246,430,1.5,0.2814,burst,5D_Control
1625,彰化縣,regional,0,445,61,0.1371,0.0,vacant,7D
1626,桃園市,metro,1,382,74,0.1937,0.0,vacant,7D
1627,新北市,metro,1,303,543,1.5,0.2874,burst,5D_Control
1628,新北市,metro,1,297,95,0.3199,0.0,vacant,7D
1629,台中市,metro,1,312,140,0.4487,0.0111,vacant,7D
1630,台中市,metro,1,381,637,1.5,0.2729,burst,5D_Control
1631,其他,rural,0,379,469,1.2375,0.1584,burst,6D
1632,高雄市,metro,1,308,371,1.2045,0.1565,burst,6D
1633,新竹縣市,regional,0,388,110,0.2835,0.0,vacant,7D
1634,其他,rural,0,398,80,0.201,0.0,vacant,7D
1635,台中市,metro,1,298,426,1.4295,0.2791,burst,6D
1636,台中市,metro,1,353,425,1.204,0.2208,burst,6D
1637,其他,rural,0,492,84,0.1707,0.0,vacant,7D
1638,新北市,metro,1,317,366,1.1546,0.1831,burst,6D
1639,基隆市,regional,0,404,545,1.349,0.2346,burst,6D
1640,彰化縣,regional,0,519,467,0.8998,0.1061,burst,6D
1641,台北市,metro,1,282,436,1.5,0.2921,burst,6D
1642,台中市,metro,1,277,495,1.5,0.2478,burst,5D_G2
1643,新北市,metro,1,229,478,1.5,0.292,burst,6D
1644,新北市,metro,1,355,114,0.3211,0.0,vacant,7D
1645,台中市,metro,1,338,128,0.3787,0.0,vacant,7D
1646,桃園市,metro,1,396,458,1.1566,0.1576,burst,6D
1647,屏東縣,regional,0,364,88,0.2418,0.0,vacant,7D
1648,其他,rural,0,478,495,1.0356,0.1112,burst,6D
1649,屏東縣,regional,0,422,459,1.0877,0.1068,burst,5D_Control
1650,新北市,metro,1,332,436,1.3133,0.2484,burst,6D
1651,新北市,metro,1,234,96,0.4103,0.0,vacant,7D
1652,新北市,metro,1,358,421,1.176,0.1733,burst,6D
1653,新北市,metro,1,331,473,1.429,0.2304,burst,5D_Control
1654,其他,rural,0,418,474,1.134,0.1985,burst,6D
1655,台中市,metro,1,325,413,1.2708,0.2268,burst,5D_G2
1656,新北市,metro,1,269,401,1.4907,0.26,burst,6D
1657,其他,rural,0,396,428,1.0808,0.1088,burst,5D_Control
1658,台中市,metro,1,281,68,0.242,0.0,vacant,7D
1659,台北市,metro,1,225,362,1.5,0.2871,burst,6D
1660,新北市,metro,1,334,47,0.1407,0.0,vacant,7D
1661,高雄市,metro,1,347,69,0.1988,0.0,vacant,7D
1662,屏東縣,regional,0,391,115,0.2941,0.0,vacant,7D
1663,新北市,metro,1,313,93,0.2971,0.0,vacant,7D
1664,其他,rural,0,409,123,0.3007,0.0,vacant,7D
1665,其他,rural,0,433,50,0.1155,0.0,vacant,7D
1666,其他,rural,0,394,93,0.236,0.0,vacant,7D
1667,新北市,metro,1,264,88,0.3333,0.0,vacant,7D
1668,台北市,metro,1,342,123,0.3596,0.0,vacant,7D
1669,其他,rural,0,417,116,0.2782,0.0,vacant,7D
1670,桃園市,metro,1,380,443,1.1658,0.1867,burst,5D_G4
1671,高雄市,metro,1,301,138,0.4585,0.0,vacant,7D
1672,彰化縣,regional,0,382,90,0.2356,0.0,vacant,7D
1673,新北市,metro,1,349,448,1.2837,0.205,burst,6D
1674,屏東縣,regional,0,445,515,1.1573,0.1398,burst,6D
1675,其他,rural,0,449,506,1.1269,0.1712,burst,6D
1676,基隆市,regional,0,467,490,1.0493,0.0853,burst,6D
1677,台中市,metro,1,273,62,0.2271,0.0,vacant,7D
1678,其他,rural,0,414,114,0.2754,0.0,vacant,7D
1679,台南市,metro,1,293,102,0.3481,0.0,vacant,7D
1680,彰化縣,regional,0,368,126,0.3424,0.0,vacant,7D
1681,其他,rural,0,409,98,0.2396,0.0,vacant,7D
1682,彰化縣,regional,0,473,378,0.7992,0.1014,burst,6D
1683,新北市,metro,1,309,112,0.3625,0.0533,burst,6D
1684,新北市,metro,1,246,83,0.3374,0.0,vacant,7D
1685,新北市,metro,1,237,518,1.5,0.3011,burst,6D
1686,台南市,metro,1,366,111,0.3033,0.0,vacant,7D
1687,台南市,metro,1,296,99,0.3345,0.0,vacant,7D
1688,高雄市,metro,1,274,89,0.3248,0.0,vacant,7D
1689,台中市,metro,1,289,97,0.3356,0.0,vacant,7D
1690,屏東縣,regional,0,360,139,0.3861,0.0,vacant,7D
1691,其他,rural,0,476,88,0.1849,0.0,vacant,7D
1692,新北市,metro,1,284,88,0.3099,0.0,vacant,7D
1693,基隆市,regional,0,474,505,1.0654,0.1379,burst,6D
1694,新竹縣市,regional,0,422,465,1.1019,0.1536,burst,5D_G4
1695,台南市,metro,1,357,116,0.3249,0.0,vacant,7D
1696,新北市,metro,1,310,501,1.5,0.2362,burst,5D_G2
1697,屏東縣,regional,0,454,102,0.2247,0.0,vacant,7D
1698,其他,rural,0,448,417,0.9308,0.0806,burst,6D
1699,新竹縣市,regional,0,444,494,1.1126,0.1116,burst,6D
1700,其他,rural,0,433,439,1.0139,0.109,burst,6D
1701,其他,rural,0,410,124,0.3024,0.0,vacant,7D
1702,桃園市,metro,1,376,560,1.4894,0.2841,burst,5D_G4
1703,高雄市,metro,1,263,95,0.3612,0.0,vacant,7D
1704,台中市,metro,1,300,66,0.22,0.0,vacant,7D
1705,其他,rural,0,420,116,0.2762,0.0,vacant,7D
1706,台北市,metro,1,316,119,0.3766,0.0,vacant,7D
1707,台中市,metro,1,282,418,1.4823,0.2353,burst,5D_G4
1708,其他,rural,0,432,132,0.3056,0.0,vacant,7D
1709,新北市,metro,1,293,409,1.3959,0.2419,burst,6D
1710,屏東縣,regional,0,356,115,0.323,0.0,vacant,7D
1711,桃園市,metro,1,300,499,1.5,0.2789,burst,5D_G2
1712,其他,rural,0,375,434,1.1573,0.1543,burst,6D
1713,其他,rural,0,350,107,0.3057,0.0,vacant,7D
1714,桃園市,metro,1,305,86,0.282,0.0,vacant,7D
1715,彰化縣,regional,0,439,105,0.2392,0.0,vacant,7D
1716,桃園市,metro,1,321,440,1.3707,0.1916,burst,6D
1717,高雄市,metro,1,322,469,1.4565,0.2942,burst,6D
1718,高雄市,metro,1,222,97,0.4369,0.0,vacant,7D
1719,其他,rural,0,365,123,0.337,0.0,vacant,7D
1720,台北市,metro,1,378,31,0.1,0.0,vacant,7D
1721,新北市,metro,1,258,104,0.4031,0.0,vacant,7D
1722,新竹縣市,regional,0,444,438,0.9865,0.0813,burst,6D
1723,高雄市,metro,1,272,431,1.5,0.214,burst,5D_G2
1724,台中市,metro,1,303,511,1.5,0.2499,burst,6D
1725,台北市,metro,1,274,339,1.2372,0.1805,burst,6D
1726,桃園市,metro,1,322,427,1.3261,0.1746,burst,5D_G2
1727,其他,rural,0,425,100,0.2353,0.0,vacant,7D
1728,台北市,metro,1,282,507,1.5,0.3049,burst,5D_Control
1729,台中市,metro,1,257,99,0.3852,0.0,vacant,7D
1730,其他,rural,0,430,80,0.186,0.0,vacant,7D
1731,台北市,metro,1,251,87,0.3466,0.0,vacant,7D
1732,彰化縣,regional,0,437,425,0.9725,0.1332,burst,5D_G4
1733,新北市,metro,1,405,464,1.1457,0.1681,burst,6D
1734,其他,rural,0,474,428,0.903,0.1036,burst,6D
1735,彰化縣,regional,0,448,90,0.2009,0.0,vacant,7D
1736,其他,rural,0,416,85,0.2043,0.0,vacant,7D
1737,新北市,metro,1,222,112,0.5045,0.0,vacant,7D
1738,台南市,metro,1,247,119,0.4818,0.0,vacant,7D
1739,屏東縣,regional,0,471,523,1.1104,0.1677,burst,6D
1740,新北市,metro,1,268,317,1.1828,0.1757,burst,6D
1741,新北市,metro,1,272,123,0.4522,0.0,vacant,7D
1742,台北市,metro,1,293,65,0.2218,0.0,vacant,7D
1743,其他,rural,0,377,113,0.2997,0.0,vacant,7D
1744,新竹縣市,regional,0,370,140,0.3784,0.0,vacant,7D
1745,高雄市,metro,1,297,140,0.4714,0.0,vacant,7D
1746,彰化縣,regional,0,384,118,0.3073,0.0,vacant,7D
1747,台南市,metro,1,270,446,1.5,0.2512,burst,6D
1748,台中市,metro,1,268,156,0.5821,0.0,vacant,7D
1749,台中市,metro,1,320,41,0.1281,0.0,vacant,7D
1750,高雄市,metro,1,290,383,1.3207,0.2175,burst,6D
1751,新北市,metro,1,292,425,1.4555,0.2627,burst,6D
1752,其他,rural,0,443,91,0.2054,0.0,vacant,7D
1753,其他,rural,0,414,463,1.1184,0.1533,burst,5D_G4
1754,桃園市,metro,1,288,99,0.3438,0.0,vacant,7D
1755,高雄市,metro,1,318,504,1.5,0.2481,burst,6D
1756,新北市,metro,1,326,93,0.2853,0.0,vacant,7D
1757,其他,rural,0,414,86,0.2077,0.0,vacant,7D
1758,其他,rural,0,423,417,0.9858,0.0753,burst,6D
1759,其他,rural,0,388,106,0.2732,0.0,vacant,7D
1760,桃園市,metro,1,265,80,0.3019,0.0,vacant,7D
1761,新北市,metro,1,330,408,1.2364,0.1818,burst,6D
1762,新北市,metro,1,317,505,1.5,0.3022,burst,5D_Control
1763,台北市,metro,1,318,127,0.3994,0.0,vacant,7D
1764,新北市,metro,1,311,71,0.2283,0.0,vacant,7D
1765,台北市,metro,1,301,524,1.5,0.2944,burst,6D
1766,其他,rural,0,447,512,1.1454,0.2179,burst,5D_G2
1767,台北市,metro,1,337,413,1.2255,0.2299,burst,5D_G4
1768,新北市,metro,1,336,451,1.3423,0.2186,burst,6D
1769,其他,rural,0,415,86,0.2072,0.0,vacant,7D
1770,高雄市,metro,1,355,437,1.231,0.1907,burst,5D_Control
1771,彰化縣,regional,0,429,118,0.2751,0.0,vacant,7D
1772,高雄市,metro,1,325,65,0.2,0.0,vacant,7D
1773,其他,rural,0,431,134,0.3109,0.0,vacant,7D
1774,高雄市,metro,1,309,432,1.3981,0.2456,burst,6D
1775,台南市,metro,1,270,481,1.5,0.2687,burst,5D_G4
1776,新竹縣市,regional,0,448,100,0.2232,0.0,vacant,7D
1777,台中市,metro,1,413,128,0.3099,0.0,vacant,7D
1778,桃園市,metro,1,285,405,1.4211,0.1895,burst,6D
1779,台中市,metro,1,302,358,1.1854,0.1582,burst,6D
1780,新北市,metro,1,282,108,0.383,0.0,vacant,7D
1781,屏東縣,regional,0,400,48,0.12,0.0,vacant,7D
1782,新北市,metro,1,361,465,1.2881,0.2628,burst,6D
1783,新北市,metro,1,273,402,1.4725,0.2789,burst,5D_G4
1784,新北市,metro,1,281,114,0.4057,0.0,vacant,7D
1785,其他,rural,0,356,126,0.3539,0.0,vacant,7D
1786,桃園市,metro,1,269,381,1.4164,0.2787,burst,6D
1787,新竹縣市,regional,0,351,494,1.4074,0.2979,burst,5D_Control
1788,其他,rural,0,445,85,0.191,0.0,vacant,7D
1789,台北市,metro,1,411,506,1.2311,0.1654,burst,6D
1790,彰化縣,regional,0,405,89,0.2198,0.0,vacant,7D
1791,桃園市,metro,1,233,520,1.5,0.2699,burst,5D_Control
1792,新北市,metro,1,335,420,1.2537,0.2027,burst,6D
1793,新竹縣市,regional,0,390,142,0.3641,0.0,vacant,7D
1794,其他,rural,0,471,86,0.1826,0.0,vacant,7D
1795,桃園市,metro,1,288,436,1.5,0.3186,burst,6D
1796,高雄市,metro,1,274,114,0.4161,0.0,vacant,7D
1797,桃園市,metro,1,292,99,0.339,0.0,vacant,7D
1798,台南市,metro,1,330,455,1.3788,0.2494,burst,5D_G4
1799,高雄市,metro,1,290,425,1.4655,0.2123,burst,6D
1800,高雄市,metro,1,280,108,0.3857,0.0,vacant,7D
1801,高雄市,metro,1,292,94,0.3219,0.0,vacant,7D
1802,新北市,metro,1,249,82,0.3293,0.0,vacant,7D
1803,新竹縣市,regional,0,435,91,0.2092,0.0,vacant,7D
1804,新竹縣市,regional,0,348,57,0.1638,0.0,vacant,7D
1808,台中市,metro,1,323,406,1.257,0.2121,burst,6D
1810,新北市,metro,1,346,528,1.5,0.2504,burst,5D_G2
1819,高雄市,metro,1,343,547,1.5,0.193,burst,6D
1822,台南市,metro,1,318,488,1.5,0.2292,burst,6D
1823,高雄市,metro,1,297,384,1.2929,0.2533,burst,6D
1825,台北市,metro,1,315,442,1.4032,0.2338,burst,6D
1826,台南市,metro,1,225,392,1.5,0.2522,burst,5D_G2
1830,台中市,metro,1,251,514,1.5,0.2924,burst,5D_Control
1832,台中市,metro,1,301,448,1.4884,0.318,burst,5D_Control
1835,台北市,metro,1,280,484,1.5,0.2938,burst,6D
1836,台北市,metro,1,361,327,0.9058,0.0961,burst,6D
1837,台中市,metro,1,285,476,1.5,0.2805,burst,6D
1839,基隆市,regional,0,360,436,1.2111,0.1921,burst,6D
1840,台北市,metro,1,293,501,1.5,0.2237,burst,6D
1845,高雄市,metro,1,287,461,1.5,0.2742,burst,6D
1847,高雄市,metro,1,291,449,1.5,0.2429,burst,6D
1850,新北市,metro,1,194,481,1.5,0.2832,burst,6D
1851,其他,rural,0,386,463,1.1995,0.144,burst,5D_G2
1852,台中市,metro,1,306,417,1.3627,0.2235,burst,6D
1854,其他,rural,0,436,458,1.0505,0.1642,burst,5D_G4
1859,新北市,metro,1,345,447,1.2957,0.1667,burst,6D
1860,高雄市,metro,1,270,483,1.5,0.2659,burst,6D
1861,其他,rural,0,417,363,0.8705,0.1001,burst,6D
1863,台南市,metro,1,362,446,1.232,0.1869,burst,6D
1864,高雄市,metro,1,287,523,1.5,0.2634,burst,6D
1869,其他,rural,0,406,383,0.9433,0.0689,burst,6D
1870,桃園市,metro,1,289,603,1.5,0.2859,burst,6D
1871,台中市,metro,1,334,385,1.1527,0.1618,burst,6D
1876,新北市,metro,1,385,438,1.1377,0.1807,burst,5D_G2
1880,台南市,metro,1,311,436,1.4019,0.1888,burst,5D_G4
1882,台中市,metro,1,294,429,1.4592,0.2732,burst,6D
1884,桃園市,metro,1,293,422,1.4403,0.2345,burst,6D
1885,桃園市,metro,1,244,357,1.4631,0.2078,burst,5D_G4
1887,新北市,metro,1,311,425,1.3666,0.2155,burst,6D
1893,台北市,metro,1,334,397,1.1886,0.1896,burst,6D
1895,新北市,metro,1,323,508,1.5,0.2375,burst,5D_G4
1896,高雄市,metro,1,270,441,1.5,0.2504,burst,6D
1897,新北市,metro,1,245,367,1.498,0.2605,burst,6D
1899,台北市,metro,1,303,501,1.5,0.2703,burst,5D_G2
1901,台北市,metro,1,254,473,1.5,0.2243,burst,5D_G4
1903,新北市,metro,1,283,472,1.5,0.2701,burst,5D_Control
1904,高雄市,metro,1,315,478,1.5,0.3466,burst,6D
1905,台中市,metro,1,251,393,1.5,0.2584,burst,6D
1907,台北市,metro,1,252,492,1.5,0.3549,burst,6D
1910,台北市,metro,1,256,488,1.5,0.2404,burst,6D
1911,新北市,metro,1,316,387,1.2247,0.2333,burst,6D
1913,台南市,metro,1,312,533,1.5,0.2828,burst,6D
1914,新北市,metro,1,322,451,1.4006,0.226,burst,6D
1916,高雄市,metro,1,258,459,1.5,0.2273,burst,6D
1917,基隆市,regional,0,400,545,1.3625,0.269,burst,6D
1918,高雄市,metro,1,251,386,1.5,0.2617,burst,6D
1921,桃園市,metro,1,255,438,1.5,0.2549,burst,6D
1922,台中市,metro,1,312,519,1.5,0.28,burst,6D
1923,桃園市,metro,1,247,424,1.5,0.2952,burst,6D
1926,桃園市,metro,1,356,466,1.309,0.2336,burst,6D
1927,新竹縣市,regional,0,432,483,1.1181,0.1524,burst,6D
1928,台北市,metro,1,349,521,1.4928,0.258,burst,6D
1929,台中市,metro,1,269,378,1.4052,0.2383,burst,5D_G2
1931,高雄市,metro,1,260,525,1.5,0.2758,burst,6D
1933,其他,rural,0,409,436,1.066,0.1312,burst,6D
1936,台中市,metro,1,243,438,1.5,0.2454,burst,6D
1937,高雄市,metro,1,206,404,1.5,0.3135,burst,6D
1938,新北市,metro,1,257,505,1.5,0.2984,burst,6D
1940,新北市,metro,1,236,484,1.5,0.2367,burst,5D_G4
1941,台中市,metro,1,245,473,1.5,0.2267,burst,5D_G4
1944,其他,rural,0,432,487,1.1273,0.1942,burst,6D
1946,新北市,metro,1,326,577,1.5,0.243,burst,5D_Control
1949,其他,rural,0,355,405,1.1408,0.1625,burst,5D_Control
1950,其他,rural,0,517,460,0.8897,0.1165,burst,5D_G4
1951,台北市,metro,1,236,450,1.5,0.2735,burst,5D_Control
1956,台南市,metro,1,396,388,0.9798,0.1187,burst,6D
1958,其他,rural,0,367,376,1.0245,0.1455,burst,5D_G4
1963,新北市,metro,1,308,446,1.4481,0.2451,burst,6D
1965,台北市,metro,1,312,438,1.4038,0.2299,burst,6D
1971,其他,rural,0,451,481,1.0665,0.0973,burst,6D
1972,基隆市,regional,0,363,401,1.1047,0.1418,burst,6D
1973,桃園市,metro,1,242,495,1.5,0.2712,burst,5D_Control
1981,桃園市,metro,1,347,366,1.0548,0.1111,burst,5D_G2
1983,新北市,metro,1,302,487,1.5,0.3332,burst,5D_Control
1984,高雄市,metro,1,359,449,1.2507,0.1846,burst,6D
1985,其他,rural,0,424,421,0.9929,0.1042,burst,6D
1987,新竹縣市,regional,0,386,414,1.0725,0.177,burst,6D
1989,新北市,metro,1,349,405,1.1605,0.1603,burst,6D
1990,台北市,metro,1,297,370,1.2458,0.1787,burst,5D_Control
1992,桃園市,metro,1,221,437,1.5,0.3031,burst,5D_G2
1996,新北市,metro,1,395,514,1.3013,0.2802,burst,5D_G2
1997,桃園市,metro,1,297,418,1.4074,0.2518,burst,5D_G4
1999,台南市,metro,1,301,494,1.5,0.2872,burst,6D
